audio_path,corpus,speaker_id,source_label,target_label
Actor_01/03-01-01-01-01-01-01.wav,ravdess,01,neutral,Low
Actor_01/03-01-01-01-01-02-01.wav,ravdess,01,neutral,Low
Actor_01/03-01-01-01-02-01-01.wav,ravdess,01,neutral,Low
Actor_01/03-01-01-01-02-02-01.wav,ravdess,01,neutral,Low
Actor_01/03-01-02-01-01-01-01.wav,ravdess,01,calm,Low
Actor_01/03-01-02-01-01-02-01.wav,ravdess,01,calm,Low
Actor_01/03-01-02-01-02-01-01.wav,ravdess,01,calm,Low
Actor_01/03-01-02-01-02-02-01.wav,ravdess,01,calm,Low
Actor_01/03-01-02-02-01-01-01.wav,ravdess,01,calm,Low
Actor_01/03-01-02-02-01-02-01.wav,ravdess,01,calm,Low
Actor_01/03-01-02-02-02-01-01.wav,ravdess,01,calm,Low
Actor_01/03-01-02-02-02-02-01.wav,ravdess,01,calm,Low
Actor_01/03-01-03-01-01-01-01.wav,ravdess,01,happy,Moderate
Actor_01/03-01-03-01-01-02-01.wav,ravdess,01,happy,Moderate
Actor_01/03-01-03-01-02-01-01.wav,ravdess,01,happy,Moderate
Actor_01/03-01-03-01-02-02-01.wav,ravdess,01,happy,Moderate
Actor_01/03-01-03-02-01-01-01.wav,ravdess,01,happy,Moderate
Actor_01/03-01-03-02-01-02-01.wav,ravdess,01,happy,Moderate
Actor_01/03-01-03-02-02-01-01.wav,ravdess,01,happy,Moderate
Actor_01/03-01-03-02-02-02-01.wav,ravdess,01,happy,Moderate
Actor_01/03-01-04-01-01-01-01.wav,ravdess,01,sad,Moderate
Actor_01/03-01-04-01-01-02-01.wav,ravdess,01,sad,Moderate
Actor_01/03-01-04-01-02-01-01.wav,ravdess,01,sad,Moderate
Actor_01/03-01-04-01-02-02-01.wav,ravdess,01,sad,Moderate
Actor_01/03-01-04-02-01-01-01.wav,ravdess,01,sad,Moderate
Actor_01/03-01-04-02-01-02-01.wav,ravdess,01,sad,Moderate
Actor_01/03-01-04-02-02-01-01.wav,ravdess,01,sad,Moderate
Actor_01/03-01-04-02-02-02-01.wav,ravdess,01,sad,Moderate
Actor_01/03-01-05-01-01-01-01.wav,ravdess,01,angry,High
Actor_01/03-01-05-01-01-02-01.wav,ravdess,01,angry,High
Actor_01/03-01-05-01-02-01-01.wav,ravdess,01,angry,High
Actor_01/03-01-05-01-02-02-01.wav,ravdess,01,angry,High
Actor_01/03-01-05-02-01-01-01.wav,ravdess,01,angry,High
Actor_01/03-01-05-02-01-02-01.wav,ravdess,01,angry,High
Actor_01/03-01-05-02-02-01-01.wav,ravdess,01,angry,High
Actor_01/03-01-05-02-02-02-01.wav,ravdess,01,angry,High
Actor_01/03-01-06-01-01-01-01.wav,ravdess,01,fearful,High
Actor_01/03-01-06-01-01-02-01.wav,ravdess,01,fearful,High
Actor_01/03-01-06-01-02-01-01.wav,ravdess,01,fearful,High
Actor_01/03-01-06-01-02-02-01.wav,ravdess,01,fearful,High
Actor_01/03-01-06-02-01-01-01.wav,ravdess,01,fearful,High
Actor_01/03-01-06-02-01-02-01.wav,ravdess,01,fearful,High
Actor_01/03-01-06-02-02-01-01.wav,ravdess,01,fearful,High
Actor_01/03-01-06-02-02-02-01.wav,ravdess,01,fearful,High
Actor_01/03-01-07-01-01-01-01.wav,ravdess,01,disgust,High
Actor_01/03-01-07-01-01-02-01.wav,ravdess,01,disgust,High
Actor_01/03-01-07-01-02-01-01.wav,ravdess,01,disgust,High
Actor_01/03-01-07-01-02-02-01.wav,ravdess,01,disgust,High
Actor_01/03-01-07-02-01-01-01.wav,ravdess,01,disgust,High
Actor_01/03-01-07-02-01-02-01.wav,ravdess,01,disgust,High
Actor_01/03-01-07-02-02-01-01.wav,ravdess,01,disgust,High
Actor_01/03-01-07-02-02-02-01.wav,ravdess,01,disgust,High
Actor_01/03-01-08-01-01-01-01.wav,ravdess,01,surprised,High
Actor_01/03-01-08-01-01-02-01.wav,ravdess,01,surprised,High
Actor_01/03-01-08-01-02-01-01.wav,ravdess,01,surprised,High
Actor_01/03-01-08-01-02-02-01.wav,ravdess,01,surprised,High
Actor_01/03-01-08-02-01-01-01.wav,ravdess,01,surprised,High
Actor_01/03-01-08-02-01-02-01.wav,ravdess,01,surprised,High
Actor_01/03-01-08-02-02-01-01.wav,ravdess,01,surprised,High
Actor_01/03-01-08-02-02-02-01.wav,ravdess,01,surprised,High
Actor_02/03-01-01-01-01-01-02.wav,ravdess,02,neutral,Low
Actor_02/03-01-01-01-01-02-02.wav,ravdess,02,neutral,Low
Actor_02/03-01-01-01-02-01-02.wav,ravdess,02,neutral,Low
Actor_02/03-01-01-01-02-02-02.wav,ravdess,02,neutral,Low
Actor_02/03-01-02-01-01-01-02.wav,ravdess,02,calm,Low
Actor_02/03-01-02-01-01-02-02.wav,ravdess,02,calm,Low
Actor_02/03-01-02-01-02-01-02.wav,ravdess,02,calm,Low
Actor_02/03-01-02-01-02-02-02.wav,ravdess,02,calm,Low
Actor_02/03-01-02-02-01-01-02.wav,ravdess,02,calm,Low
Actor_02/03-01-02-02-01-02-02.wav,ravdess,02,calm,Low
Actor_02/03-01-02-02-02-01-02.wav,ravdess,02,calm,Low
Actor_02/03-01-02-02-02-02-02.wav,ravdess,02,calm,Low
Actor_02/03-01-03-01-01-01-02.wav,ravdess,02,happy,Moderate
Actor_02/03-01-03-01-01-02-02.wav,ravdess,02,happy,Moderate
Actor_02/03-01-03-01-02-01-02.wav,ravdess,02,happy,Moderate
Actor_02/03-01-03-01-02-02-02.wav,ravdess,02,happy,Moderate
Actor_02/03-01-03-02-01-01-02.wav,ravdess,02,happy,Moderate
Actor_02/03-01-03-02-01-02-02.wav,ravdess,02,happy,Moderate
Actor_02/03-01-03-02-02-01-02.wav,ravdess,02,happy,Moderate
Actor_02/03-01-03-02-02-02-02.wav,ravdess,02,happy,Moderate
Actor_02/03-01-04-01-01-01-02.wav,ravdess,02,sad,Moderate
Actor_02/03-01-04-01-01-02-02.wav,ravdess,02,sad,Moderate
Actor_02/03-01-04-01-02-01-02.wav,ravdess,02,sad,Moderate
Actor_02/03-01-04-01-02-02-02.wav,ravdess,02,sad,Moderate
Actor_02/03-01-04-02-01-01-02.wav,ravdess,02,sad,Moderate
Actor_02/03-01-04-02-01-02-02.wav,ravdess,02,sad,Moderate
Actor_02/03-01-04-02-02-01-02.wav,ravdess,02,sad,Moderate
Actor_02/03-01-04-02-02-02-02.wav,ravdess,02,sad,Moderate
Actor_02/03-01-05-01-01-01-02.wav,ravdess,02,angry,High
Actor_02/03-01-05-01-01-02-02.wav,ravdess,02,angry,High
Actor_02/03-01-05-01-02-01-02.wav,ravdess,02,angry,High
Actor_02/03-01-05-01-02-02-02.wav,ravdess,02,angry,High
Actor_02/03-01-05-02-01-01-02.wav,ravdess,02,angry,High
Actor_02/03-01-05-02-01-02-02.wav,ravdess,02,angry,High
Actor_02/03-01-05-02-02-01-02.wav,ravdess,02,angry,High
Actor_02/03-01-05-02-02-02-02.wav,ravdess,02,angry,High
Actor_02/03-01-06-01-01-01-02.wav,ravdess,02,fearful,High
Actor_02/03-01-06-01-01-02-02.wav,ravdess,02,fearful,High
Actor_02/03-01-06-01-02-01-02.wav,ravdess,02,fearful,High
Actor_02/03-01-06-01-02-02-02.wav,ravdess,02,fearful,High
Actor_02/03-01-06-02-01-01-02.wav,ravdess,02,fearful,High
Actor_02/03-01-06-02-01-02-02.wav,ravdess,02,fearful,High
Actor_02/03-01-06-02-02-01-02.wav,ravdess,02,fearful,High
Actor_02/03-01-06-02-02-02-02.wav,ravdess,02,fearful,High
Actor_02/03-01-07-01-01-01-02.wav,ravdess,02,disgust,High
Actor_02/03-01-07-01-01-02-02.wav,ravdess,02,disgust,High
Actor_02/03-01-07-01-02-01-02.wav,ravdess,02,disgust,High
Actor_02/03-01-07-01-02-02-02.wav,ravdess,02,disgust,High
Actor_02/03-01-07-02-01-01-02.wav,ravdess,02,disgust,High
Actor_02/03-01-07-02-01-02-02.wav,ravdess,02,disgust,High
Actor_02/03-01-07-02-02-01-02.wav,ravdess,02,disgust,High
Actor_02/03-01-07-02-02-02-02.wav,ravdess,02,disgust,High
Actor_02/03-01-08-01-01-01-02.wav,ravdess,02,surprised,High
Actor_02/03-01-08-01-01-02-02.wav,ravdess,02,surprised,High
Actor_02/03-01-08-01-02-01-02.wav,ravdess,02,surprised,High
Actor_02/03-01-08-01-02-02-02.wav,ravdess,02,surprised,High
Actor_02/03-01-08-02-01-01-02.wav,ravdess,02,surprised,High
Actor_02/03-01-08-02-01-02-02.wav,ravdess,02,surprised,High
Actor_02/03-01-08-02-02-01-02.wav,ravdess,02,surprised,High
Actor_02/03-01-08-02-02-02-02.wav,ravdess,02,surprised,High
Actor_03/03-01-01-01-01-01-03.wav,ravdess,03,neutral,Low
Actor_03/03-01-01-01-01-02-03.wav,ravdess,03,neutral,Low
Actor_03/03-01-01-01-02-01-03.wav,ravdess,03,neutral,Low
Actor_03/03-01-01-01-02-02-03.wav,ravdess,03,neutral,Low
Actor_03/03-01-02-01-01-01-03.wav,ravdess,03,calm,Low
Actor_03/03-01-02-01-01-02-03.wav,ravdess,03,calm,Low
Actor_03/03-01-02-01-02-01-03.wav,ravdess,03,calm,Low
Actor_03/03-01-02-01-02-02-03.wav,ravdess,03,calm,Low
Actor_03/03-01-02-02-01-01-03.wav,ravdess,03,calm,Low
Actor_03/03-01-02-02-01-02-03.wav,ravdess,03,calm,Low
Actor_03/03-01-02-02-02-01-03.wav,ravdess,03,calm,Low
Actor_03/03-01-02-02-02-02-03.wav,ravdess,03,calm,Low
Actor_03/03-01-03-01-01-01-03.wav,ravdess,03,happy,Moderate
Actor_03/03-01-03-01-01-02-03.wav,ravdess,03,happy,Moderate
Actor_03/03-01-03-01-02-01-03.wav,ravdess,03,happy,Moderate
Actor_03/03-01-03-01-02-02-03.wav,ravdess,03,happy,Moderate
Actor_03/03-01-03-02-01-01-03.wav,ravdess,03,happy,Moderate
Actor_03/03-01-03-02-01-02-03.wav,ravdess,03,happy,Moderate
Actor_03/03-01-03-02-02-01-03.wav,ravdess,03,happy,Moderate
Actor_03/03-01-03-02-02-02-03.wav,ravdess,03,happy,Moderate
Actor_03/03-01-04-01-01-01-03.wav,ravdess,03,sad,Moderate
Actor_03/03-01-04-01-01-02-03.wav,ravdess,03,sad,Moderate
Actor_03/03-01-04-01-02-01-03.wav,ravdess,03,sad,Moderate
Actor_03/03-01-04-01-02-02-03.wav,ravdess,03,sad,Moderate
Actor_03/03-01-04-02-01-01-03.wav,ravdess,03,sad,Moderate
Actor_03/03-01-04-02-01-02-03.wav,ravdess,03,sad,Moderate
Actor_03/03-01-04-02-02-01-03.wav,ravdess,03,sad,Moderate
Actor_03/03-01-04-02-02-02-03.wav,ravdess,03,sad,Moderate
Actor_03/03-01-05-01-01-01-03.wav,ravdess,03,angry,High
Actor_03/03-01-05-01-01-02-03.wav,ravdess,03,angry,High
Actor_03/03-01-05-01-02-01-03.wav,ravdess,03,angry,High
Actor_03/03-01-05-01-02-02-03.wav,ravdess,03,angry,High
Actor_03/03-01-05-02-01-01-03.wav,ravdess,03,angry,High
Actor_03/03-01-05-02-01-02-03.wav,ravdess,03,angry,High
Actor_03/03-01-05-02-02-01-03.wav,ravdess,03,angry,High
Actor_03/03-01-05-02-02-02-03.wav,ravdess,03,angry,High
Actor_03/03-01-06-01-01-01-03.wav,ravdess,03,fearful,High
Actor_03/03-01-06-01-01-02-03.wav,ravdess,03,fearful,High
Actor_03/03-01-06-01-02-01-03.wav,ravdess,03,fearful,High
Actor_03/03-01-06-01-02-02-03.wav,ravdess,03,fearful,High
Actor_03/03-01-06-02-01-01-03.wav,ravdess,03,fearful,High
Actor_03/03-01-06-02-01-02-03.wav,ravdess,03,fearful,High
Actor_03/03-01-06-02-02-01-03.wav,ravdess,03,fearful,High
Actor_03/03-01-06-02-02-02-03.wav,ravdess,03,fearful,High
Actor_03/03-01-07-01-01-01-03.wav,ravdess,03,disgust,High
Actor_03/03-01-07-01-01-02-03.wav,ravdess,03,disgust,High
Actor_03/03-01-07-01-02-01-03.wav,ravdess,03,disgust,High
Actor_03/03-01-07-01-02-02-03.wav,ravdess,03,disgust,High
Actor_03/03-01-07-02-01-01-03.wav,ravdess,03,disgust,High
Actor_03/03-01-07-02-01-02-03.wav,ravdess,03,disgust,High
Actor_03/03-01-07-02-02-01-03.wav,ravdess,03,disgust,High
Actor_03/03-01-07-02-02-02-03.wav,ravdess,03,disgust,High
Actor_03/03-01-08-01-01-01-03.wav,ravdess,03,surprised,High
Actor_03/03-01-08-01-01-02-03.wav,ravdess,03,surprised,High
Actor_03/03-01-08-01-02-01-03.wav,ravdess,03,surprised,High
Actor_03/03-01-08-01-02-02-03.wav,ravdess,03,surprised,High
Actor_03/03-01-08-02-01-01-03.wav,ravdess,03,surprised,High
Actor_03/03-01-08-02-01-02-03.wav,ravdess,03,surprised,High
Actor_03/03-01-08-02-02-01-03.wav,ravdess,03,surprised,High
Actor_03/03-01-08-02-02-02-03.wav,ravdess,03,surprised,High
Actor_04/03-01-01-01-01-01-04.wav,ravdess,04,neutral,Low
Actor_04/03-01-01-01-01-02-04.wav,ravdess,04,neutral,Low
Actor_04/03-01-01-01-02-01-04.wav,ravdess,04,neutral,Low
Actor_04/03-01-01-01-02-02-04.wav,ravdess,04,neutral,Low
Actor_04/03-01-02-01-01-01-04.wav,ravdess,04,calm,Low
Actor_04/03-01-02-01-01-02-04.wav,ravdess,04,calm,Low
Actor_04/03-01-02-01-02-01-04.wav,ravdess,04,calm,Low
Actor_04/03-01-02-01-02-02-04.wav,ravdess,04,calm,Low
Actor_04/03-01-02-02-01-01-04.wav,ravdess,04,calm,Low
Actor_04/03-01-02-02-01-02-04.wav,ravdess,04,calm,Low
Actor_04/03-01-02-02-02-01-04.wav,ravdess,04,calm,Low
Actor_04/03-01-02-02-02-02-04.wav,ravdess,04,calm,Low
Actor_04/03-01-03-01-01-01-04.wav,ravdess,04,happy,Moderate
Actor_04/03-01-03-01-01-02-04.wav,ravdess,04,happy,Moderate
Actor_04/03-01-03-01-02-01-04.wav,ravdess,04,happy,Moderate
Actor_04/03-01-03-01-02-02-04.wav,ravdess,04,happy,Moderate
Actor_04/03-01-03-02-01-01-04.wav,ravdess,04,happy,Moderate
Actor_04/03-01-03-02-01-02-04.wav,ravdess,04,happy,Moderate
Actor_04/03-01-03-02-02-01-04.wav,ravdess,04,happy,Moderate
Actor_04/03-01-03-02-02-02-04.wav,ravdess,04,happy,Moderate
Actor_04/03-01-04-01-01-01-04.wav,ravdess,04,sad,Moderate
Actor_04/03-01-04-01-01-02-04.wav,ravdess,04,sad,Moderate
Actor_04/03-01-04-01-02-01-04.wav,ravdess,04,sad,Moderate
Actor_04/03-01-04-01-02-02-04.wav,ravdess,04,sad,Moderate
Actor_04/03-01-04-02-01-01-04.wav,ravdess,04,sad,Moderate
Actor_04/03-01-04-02-01-02-04.wav,ravdess,04,sad,Moderate
Actor_04/03-01-04-02-02-01-04.wav,ravdess,04,sad,Moderate
Actor_04/03-01-04-02-02-02-04.wav,ravdess,04,sad,Moderate
Actor_04/03-01-05-01-01-01-04.wav,ravdess,04,angry,High
Actor_04/03-01-05-01-01-02-04.wav,ravdess,04,angry,High
Actor_04/03-01-05-01-02-01-04.wav,ravdess,04,angry,High
Actor_04/03-01-05-01-02-02-04.wav,ravdess,04,angry,High
Actor_04/03-01-05-02-01-01-04.wav,ravdess,04,angry,High
Actor_04/03-01-05-02-01-02-04.wav,ravdess,04,angry,High
Actor_04/03-01-05-02-02-01-04.wav,ravdess,04,angry,High
Actor_04/03-01-05-02-02-02-04.wav,ravdess,04,angry,High
Actor_04/03-01-06-01-01-01-04.wav,ravdess,04,fearful,High
Actor_04/03-01-06-01-01-02-04.wav,ravdess,04,fearful,High
Actor_04/03-01-06-01-02-01-04.wav,ravdess,04,fearful,High
Actor_04/03-01-06-01-02-02-04.wav,ravdess,04,fearful,High
Actor_04/03-01-06-02-01-01-04.wav,ravdess,04,fearful,High
Actor_04/03-01-06-02-01-02-04.wav,ravdess,04,fearful,High
Actor_04/03-01-06-02-02-01-04.wav,ravdess,04,fearful,High
Actor_04/03-01-06-02-02-02-04.wav,ravdess,04,fearful,High
Actor_04/03-01-07-01-01-01-04.wav,ravdess,04,disgust,High
Actor_04/03-01-07-01-01-02-04.wav,ravdess,04,disgust,High
Actor_04/03-01-07-01-02-01-04.wav,ravdess,04,disgust,High
Actor_04/03-01-07-01-02-02-04.wav,ravdess,04,disgust,High
Actor_04/03-01-07-02-01-01-04.wav,ravdess,04,disgust,High
Actor_04/03-01-07-02-01-02-04.wav,ravdess,04,disgust,High
Actor_04/03-01-07-02-02-01-04.wav,ravdess,04,disgust,High
Actor_04/03-01-07-02-02-02-04.wav,ravdess,04,disgust,High
Actor_04/03-01-08-01-01-01-04.wav,ravdess,04,surprised,High
Actor_04/03-01-08-01-01-02-04.wav,ravdess,04,surprised,High
Actor_04/03-01-08-01-02-01-04.wav,ravdess,04,surprised,High
Actor_04/03-01-08-01-02-02-04.wav,ravdess,04,surprised,High
Actor_04/03-01-08-02-01-01-04.wav,ravdess,04,surprised,High
Actor_04/03-01-08-02-01-02-04.wav,ravdess,04,surprised,High
Actor_04/03-01-08-02-02-01-04.wav,ravdess,04,surprised,High
Actor_04/03-01-08-02-02-02-04.wav,ravdess,04,surprised,High
Actor_05/03-01-01-01-01-01-05.wav,ravdess,05,neutral,Low
Actor_05/03-01-01-01-01-02-05.wav,ravdess,05,neutral,Low
Actor_05/03-01-01-01-02-01-05.wav,ravdess,05,neutral,Low
Actor_05/03-01-01-01-02-02-05.wav,ravdess,05,neutral,Low
Actor_05/03-01-02-01-01-01-05.wav,ravdess,05,calm,Low
Actor_05/03-01-02-01-01-02-05.wav,ravdess,05,calm,Low
Actor_05/03-01-02-01-02-01-05.wav,ravdess,05,calm,Low
Actor_05/03-01-02-01-02-02-05.wav,ravdess,05,calm,Low
Actor_05/03-01-02-02-01-01-05.wav,ravdess,05,calm,Low
Actor_05/03-01-02-02-01-02-05.wav,ravdess,05,calm,Low
Actor_05/03-01-02-02-02-01-05.wav,ravdess,05,calm,Low
Actor_05/03-01-02-02-02-02-05.wav,ravdess,05,calm,Low
Actor_05/03-01-03-01-01-01-05.wav,ravdess,05,happy,Moderate
Actor_05/03-01-03-01-01-02-05.wav,ravdess,05,happy,Moderate
Actor_05/03-01-03-01-02-01-05.wav,ravdess,05,happy,Moderate
Actor_05/03-01-03-01-02-02-05.wav,ravdess,05,happy,Moderate
Actor_05/03-01-03-02-01-01-05.wav,ravdess,05,happy,Moderate
Actor_05/03-01-03-02-01-02-05.wav,ravdess,05,happy,Moderate
Actor_05/03-01-03-02-02-01-05.wav,ravdess,05,happy,Moderate
Actor_05/03-01-03-02-02-02-05.wav,ravdess,05,happy,Moderate
Actor_05/03-01-04-01-01-01-05.wav,ravdess,05,sad,Moderate
Actor_05/03-01-04-01-01-02-05.wav,ravdess,05,sad,Moderate
Actor_05/03-01-04-01-02-01-05.wav,ravdess,05,sad,Moderate
Actor_05/03-01-04-01-02-02-05.wav,ravdess,05,sad,Moderate
Actor_05/03-01-04-02-01-01-05.wav,ravdess,05,sad,Moderate
Actor_05/03-01-04-02-01-02-05.wav,ravdess,05,sad,Moderate
Actor_05/03-01-04-02-02-01-05.wav,ravdess,05,sad,Moderate
Actor_05/03-01-04-02-02-02-05.wav,ravdess,05,sad,Moderate
Actor_05/03-01-05-01-01-01-05.wav,ravdess,05,angry,High
Actor_05/03-01-05-01-01-02-05.wav,ravdess,05,angry,High
Actor_05/03-01-05-01-02-01-05.wav,ravdess,05,angry,High
Actor_05/03-01-05-01-02-02-05.wav,ravdess,05,angry,High
Actor_05/03-01-05-02-01-01-05.wav,ravdess,05,angry,High
Actor_05/03-01-05-02-01-02-05.wav,ravdess,05,angry,High
Actor_05/03-01-05-02-02-01-05.wav,ravdess,05,angry,High
Actor_05/03-01-05-02-02-02-05.wav,ravdess,05,angry,High
Actor_05/03-01-06-01-01-01-05.wav,ravdess,05,fearful,High
Actor_05/03-01-06-01-01-02-05.wav,ravdess,05,fearful,High
Actor_05/03-01-06-01-02-01-05.wav,ravdess,05,fearful,High
Actor_05/03-01-06-01-02-02-05.wav,ravdess,05,fearful,High
Actor_05/03-01-06-02-01-01-05.wav,ravdess,05,fearful,High
Actor_05/03-01-06-02-01-02-05.wav,ravdess,05,fearful,High
Actor_05/03-01-06-02-02-01-05.wav,ravdess,05,fearful,High
Actor_05/03-01-06-02-02-02-05.wav,ravdess,05,fearful,High
Actor_05/03-01-07-01-01-01-05.wav,ravdess,05,disgust,High
Actor_05/03-01-07-01-01-02-05.wav,ravdess,05,disgust,High
Actor_05/03-01-07-01-02-01-05.wav,ravdess,05,disgust,High
Actor_05/03-01-07-01-02-02-05.wav,ravdess,05,disgust,High
Actor_05/03-01-07-02-01-01-05.wav,ravdess,05,disgust,High
Actor_05/03-01-07-02-01-02-05.wav,ravdess,05,disgust,High
Actor_05/03-01-07-02-02-01-05.wav,ravdess,05,disgust,High
Actor_05/03-01-07-02-02-02-05.wav,ravdess,05,disgust,High
Actor_05/03-01-08-01-01-01-05.wav,ravdess,05,surprised,High
Actor_05/03-01-08-01-01-02-05.wav,ravdess,05,surprised,High
Actor_05/03-01-08-01-02-01-05.wav,ravdess,05,surprised,High
Actor_05/03-01-08-01-02-02-05.wav,ravdess,05,surprised,High
Actor_05/03-01-08-02-01-01-05.wav,ravdess,05,surprised,High
Actor_05/03-01-08-02-01-02-05.wav,ravdess,05,surprised,High
Actor_05/03-01-08-02-02-01-05.wav,ravdess,05,surprised,High
Actor_05/03-01-08-02-02-02-05.wav,ravdess,05,surprised,High
Actor_06/03-01-01-01-01-01-06.wav,ravdess,06,neutral,Low
Actor_06/03-01-01-01-01-02-06.wav,ravdess,06,neutral,Low
Actor_06/03-01-01-01-02-01-06.wav,ravdess,06,neutral,Low
Actor_06/03-01-01-01-02-02-06.wav,ravdess,06,neutral,Low
Actor_06/03-01-02-01-01-01-06.wav,ravdess,06,calm,Low
Actor_06/03-01-02-01-01-02-06.wav,ravdess,06,calm,Low
Actor_06/03-01-02-01-02-01-06.wav,ravdess,06,calm,Low
Actor_06/03-01-02-01-02-02-06.wav,ravdess,06,calm,Low
Actor_06/03-01-02-02-01-01-06.wav,ravdess,06,calm,Low
Actor_06/03-01-02-02-01-02-06.wav,ravdess,06,calm,Low
Actor_06/03-01-02-02-02-01-06.wav,ravdess,06,calm,Low
Actor_06/03-01-02-02-02-02-06.wav,ravdess,06,calm,Low
Actor_06/03-01-03-01-01-01-06.wav,ravdess,06,happy,Moderate
Actor_06/03-01-03-01-01-02-06.wav,ravdess,06,happy,Moderate
Actor_06/03-01-03-01-02-01-06.wav,ravdess,06,happy,Moderate
Actor_06/03-01-03-01-02-02-06.wav,ravdess,06,happy,Moderate
Actor_06/03-01-03-02-01-01-06.wav,ravdess,06,happy,Moderate
Actor_06/03-01-03-02-01-02-06.wav,ravdess,06,happy,Moderate
Actor_06/03-01-03-02-02-01-06.wav,ravdess,06,happy,Moderate
Actor_06/03-01-03-02-02-02-06.wav,ravdess,06,happy,Moderate
Actor_06/03-01-04-01-01-01-06.wav,ravdess,06,sad,Moderate
Actor_06/03-01-04-01-01-02-06.wav,ravdess,06,sad,Moderate
Actor_06/03-01-04-01-02-01-06.wav,ravdess,06,sad,Moderate
Actor_06/03-01-04-01-02-02-06.wav,ravdess,06,sad,Moderate
Actor_06/03-01-04-02-01-01-06.wav,ravdess,06,sad,Moderate
Actor_06/03-01-04-02-01-02-06.wav,ravdess,06,sad,Moderate
Actor_06/03-01-04-02-02-01-06.wav,ravdess,06,sad,Moderate
Actor_06/03-01-04-02-02-02-06.wav,ravdess,06,sad,Moderate
Actor_06/03-01-05-01-01-01-06.wav,ravdess,06,angry,High
Actor_06/03-01-05-01-01-02-06.wav,ravdess,06,angry,High
Actor_06/03-01-05-01-02-01-06.wav,ravdess,06,angry,High
Actor_06/03-01-05-01-02-02-06.wav,ravdess,06,angry,High
Actor_06/03-01-05-02-01-01-06.wav,ravdess,06,angry,High
Actor_06/03-01-05-02-01-02-06.wav,ravdess,06,angry,High
Actor_06/03-01-05-02-02-01-06.wav,ravdess,06,angry,High
Actor_06/03-01-05-02-02-02-06.wav,ravdess,06,angry,High
Actor_06/03-01-06-01-01-01-06.wav,ravdess,06,fearful,High
Actor_06/03-01-06-01-01-02-06.wav,ravdess,06,fearful,High
Actor_06/03-01-06-01-02-01-06.wav,ravdess,06,fearful,High
Actor_06/03-01-06-01-02-02-06.wav,ravdess,06,fearful,High
Actor_06/03-01-06-02-01-01-06.wav,ravdess,06,fearful,High
Actor_06/03-01-06-02-01-02-06.wav,ravdess,06,fearful,High
Actor_06/03-01-06-02-02-01-06.wav,ravdess,06,fearful,High
Actor_06/03-01-06-02-02-02-06.wav,ravdess,06,fearful,High
Actor_06/03-01-07-01-01-01-06.wav,ravdess,06,disgust,High
Actor_06/03-01-07-01-01-02-06.wav,ravdess,06,disgust,High
Actor_06/03-01-07-01-02-01-06.wav,ravdess,06,disgust,High
Actor_06/03-01-07-01-02-02-06.wav,ravdess,06,disgust,High
Actor_06/03-01-07-02-01-01-06.wav,ravdess,06,disgust,High
Actor_06/03-01-07-02-01-02-06.wav,ravdess,06,disgust,High
Actor_06/03-01-07-02-02-01-06.wav,ravdess,06,disgust,High
Actor_06/03-01-07-02-02-02-06.wav,ravdess,06,disgust,High
Actor_06/03-01-08-01-01-01-06.wav,ravdess,06,surprised,High
Actor_06/03-01-08-01-01-02-06.wav,ravdess,06,surprised,High
Actor_06/03-01-08-01-02-01-06.wav,ravdess,06,surprised,High
Actor_06/03-01-08-01-02-02-06.wav,ravdess,06,surprised,High
Actor_06/03-01-08-02-01-01-06.wav,ravdess,06,surprised,High
Actor_06/03-01-08-02-01-02-06.wav,ravdess,06,surprised,High
Actor_06/03-01-08-02-02-01-06.wav,ravdess,06,surprised,High
Actor_06/03-01-08-02-02-02-06.wav,ravdess,06,surprised,High
Actor_07/03-01-01-01-01-01-07.wav,ravdess,07,neutral,Low
Actor_07/03-01-01-01-01-02-07.wav,ravdess,07,neutral,Low
Actor_07/03-01-01-01-02-01-07.wav,ravdess,07,neutral,Low
Actor_07/03-01-01-01-02-02-07.wav,ravdess,07,neutral,Low
Actor_07/03-01-02-01-01-01-07.wav,ravdess,07,calm,Low
Actor_07/03-01-02-01-01-02-07.wav,ravdess,07,calm,Low
Actor_07/03-01-02-01-02-01-07.wav,ravdess,07,calm,Low
Actor_07/03-01-02-01-02-02-07.wav,ravdess,07,calm,Low
Actor_07/03-01-02-02-01-01-07.wav,ravdess,07,calm,Low
Actor_07/03-01-02-02-01-02-07.wav,ravdess,07,calm,Low
Actor_07/03-01-02-02-02-01-07.wav,ravdess,07,calm,Low
Actor_07/03-01-02-02-02-02-07.wav,ravdess,07,calm,Low
Actor_07/03-01-03-01-01-01-07.wav,ravdess,07,happy,Moderate
Actor_07/03-01-03-01-01-02-07.wav,ravdess,07,happy,Moderate
Actor_07/03-01-03-01-02-01-07.wav,ravdess,07,happy,Moderate
Actor_07/03-01-03-01-02-02-07.wav,ravdess,07,happy,Moderate
Actor_07/03-01-03-02-01-01-07.wav,ravdess,07,happy,Moderate
Actor_07/03-01-03-02-01-02-07.wav,ravdess,07,happy,Moderate
Actor_07/03-01-03-02-02-01-07.wav,ravdess,07,happy,Moderate
Actor_07/03-01-03-02-02-02-07.wav,ravdess,07,happy,Moderate
Actor_07/03-01-04-01-01-01-07.wav,ravdess,07,sad,Moderate
Actor_07/03-01-04-01-01-02-07.wav,ravdess,07,sad,Moderate
Actor_07/03-01-04-01-02-01-07.wav,ravdess,07,sad,Moderate
Actor_07/03-01-04-01-02-02-07.wav,ravdess,07,sad,Moderate
Actor_07/03-01-04-02-01-01-07.wav,ravdess,07,sad,Moderate
Actor_07/03-01-04-02-01-02-07.wav,ravdess,07,sad,Moderate
Actor_07/03-01-04-02-02-01-07.wav,ravdess,07,sad,Moderate
Actor_07/03-01-04-02-02-02-07.wav,ravdess,07,sad,Moderate
Actor_07/03-01-05-01-01-01-07.wav,ravdess,07,angry,High
Actor_07/03-01-05-01-01-02-07.wav,ravdess,07,angry,High
Actor_07/03-01-05-01-02-01-07.wav,ravdess,07,angry,High
Actor_07/03-01-05-01-02-02-07.wav,ravdess,07,angry,High
Actor_07/03-01-05-02-01-01-07.wav,ravdess,07,angry,High
Actor_07/03-01-05-02-01-02-07.wav,ravdess,07,angry,High
Actor_07/03-01-05-02-02-01-07.wav,ravdess,07,angry,High
Actor_07/03-01-05-02-02-02-07.wav,ravdess,07,angry,High
Actor_07/03-01-06-01-01-01-07.wav,ravdess,07,fearful,High
Actor_07/03-01-06-01-01-02-07.wav,ravdess,07,fearful,High
Actor_07/03-01-06-01-02-01-07.wav,ravdess,07,fearful,High
Actor_07/03-01-06-01-02-02-07.wav,ravdess,07,fearful,High
Actor_07/03-01-06-02-01-01-07.wav,ravdess,07,fearful,High
Actor_07/03-01-06-02-01-02-07.wav,ravdess,07,fearful,High
Actor_07/03-01-06-02-02-01-07.wav,ravdess,07,fearful,High
Actor_07/03-01-06-02-02-02-07.wav,ravdess,07,fearful,High
Actor_07/03-01-07-01-01-01-07.wav,ravdess,07,disgust,High
Actor_07/03-01-07-01-01-02-07.wav,ravdess,07,disgust,High
Actor_07/03-01-07-01-02-01-07.wav,ravdess,07,disgust,High
Actor_07/03-01-07-01-02-02-07.wav,ravdess,07,disgust,High
Actor_07/03-01-07-02-01-01-07.wav,ravdess,07,disgust,High
Actor_07/03-01-07-02-01-02-07.wav,ravdess,07,disgust,High
Actor_07/03-01-07-02-02-01-07.wav,ravdess,07,disgust,High
Actor_07/03-01-07-02-02-02-07.wav,ravdess,07,disgust,High
Actor_07/03-01-08-01-01-01-07.wav,ravdess,07,surprised,High
Actor_07/03-01-08-01-01-02-07.wav,ravdess,07,surprised,High
Actor_07/03-01-08-01-02-01-07.wav,ravdess,07,surprised,High
Actor_07/03-01-08-01-02-02-07.wav,ravdess,07,surprised,High
Actor_07/03-01-08-02-01-01-07.wav,ravdess,07,surprised,High
Actor_07/03-01-08-02-01-02-07.wav,ravdess,07,surprised,High
Actor_07/03-01-08-02-02-01-07.wav,ravdess,07,surprised,High
Actor_07/03-01-08-02-02-02-07.wav,ravdess,07,surprised,High
Actor_08/03-01-01-01-01-01-08.wav,ravdess,08,neutral,Low
Actor_08/03-01-01-01-01-02-08.wav,ravdess,08,neutral,Low
Actor_08/03-01-01-01-02-01-08.wav,ravdess,08,neutral,Low
Actor_08/03-01-01-01-02-02-08.wav,ravdess,08,neutral,Low
Actor_08/03-01-02-01-01-01-08.wav,ravdess,08,calm,Low
Actor_08/03-01-02-01-01-02-08.wav,ravdess,08,calm,Low
Actor_08/03-01-02-01-02-01-08.wav,ravdess,08,calm,Low
Actor_08/03-01-02-01-02-02-08.wav,ravdess,08,calm,Low
Actor_08/03-01-02-02-01-01-08.wav,ravdess,08,calm,Low
Actor_08/03-01-02-02-01-02-08.wav,ravdess,08,calm,Low
Actor_08/03-01-02-02-02-01-08.wav,ravdess,08,calm,Low
Actor_08/03-01-02-02-02-02-08.wav,ravdess,08,calm,Low
Actor_08/03-01-03-01-01-01-08.wav,ravdess,08,happy,Moderate
Actor_08/03-01-03-01-01-02-08.wav,ravdess,08,happy,Moderate
Actor_08/03-01-03-01-02-01-08.wav,ravdess,08,happy,Moderate
Actor_08/03-01-03-01-02-02-08.wav,ravdess,08,happy,Moderate
Actor_08/03-01-03-02-01-01-08.wav,ravdess,08,happy,Moderate
Actor_08/03-01-03-02-01-02-08.wav,ravdess,08,happy,Moderate
Actor_08/03-01-03-02-02-01-08.wav,ravdess,08,happy,Moderate
Actor_08/03-01-03-02-02-02-08.wav,ravdess,08,happy,Moderate
Actor_08/03-01-04-01-01-01-08.wav,ravdess,08,sad,Moderate
Actor_08/03-01-04-01-01-02-08.wav,ravdess,08,sad,Moderate
Actor_08/03-01-04-01-02-01-08.wav,ravdess,08,sad,Moderate
Actor_08/03-01-04-01-02-02-08.wav,ravdess,08,sad,Moderate
Actor_08/03-01-04-02-01-01-08.wav,ravdess,08,sad,Moderate
Actor_08/03-01-04-02-01-02-08.wav,ravdess,08,sad,Moderate
Actor_08/03-01-04-02-02-01-08.wav,ravdess,08,sad,Moderate
Actor_08/03-01-04-02-02-02-08.wav,ravdess,08,sad,Moderate
Actor_08/03-01-05-01-01-01-08.wav,ravdess,08,angry,High
Actor_08/03-01-05-01-01-02-08.wav,ravdess,08,angry,High
Actor_08/03-01-05-01-02-01-08.wav,ravdess,08,angry,High
Actor_08/03-01-05-01-02-02-08.wav,ravdess,08,angry,High
Actor_08/03-01-05-02-01-01-08.wav,ravdess,08,angry,High
Actor_08/03-01-05-02-01-02-08.wav,ravdess,08,angry,High
Actor_08/03-01-05-02-02-01-08.wav,ravdess,08,angry,High
Actor_08/03-01-05-02-02-02-08.wav,ravdess,08,angry,High
Actor_08/03-01-06-01-01-01-08.wav,ravdess,08,fearful,High
Actor_08/03-01-06-01-01-02-08.wav,ravdess,08,fearful,High
Actor_08/03-01-06-01-02-01-08.wav,ravdess,08,fearful,High
Actor_08/03-01-06-01-02-02-08.wav,ravdess,08,fearful,High
Actor_08/03-01-06-02-01-01-08.wav,ravdess,08,fearful,High
Actor_08/03-01-06-02-01-02-08.wav,ravdess,08,fearful,High
Actor_08/03-01-06-02-02-01-08.wav,ravdess,08,fearful,High
Actor_08/03-01-06-02-02-02-08.wav,ravdess,08,fearful,High
Actor_08/03-01-07-01-01-01-08.wav,ravdess,08,disgust,High
Actor_08/03-01-07-01-01-02-08.wav,ravdess,08,disgust,High
Actor_08/03-01-07-01-02-01-08.wav,ravdess,08,disgust,High
Actor_08/03-01-07-01-02-02-08.wav,ravdess,08,disgust,High
Actor_08/03-01-07-02-01-01-08.wav,ravdess,08,disgust,High
Actor_08/03-01-07-02-01-02-08.wav,ravdess,08,disgust,High
Actor_08/03-01-07-02-02-01-08.wav,ravdess,08,disgust,High
Actor_08/03-01-07-02-02-02-08.wav,ravdess,08,disgust,High
Actor_08/03-01-08-01-01-01-08.wav,ravdess,08,surprised,High
Actor_08/03-01-08-01-01-02-08.wav,ravdess,08,surprised,High
Actor_08/03-01-08-01-02-01-08.wav,ravdess,08,surprised,High
Actor_08/03-01-08-01-02-02-08.wav,ravdess,08,surprised,High
Actor_08/03-01-08-02-01-01-08.wav,ravdess,08,surprised,High
Actor_08/03-01-08-02-01-02-08.wav,ravdess,08,surprised,High
Actor_08/03-01-08-02-02-01-08.wav,ravdess,08,surprised,High
Actor_08/03-01-08-02-02-02-08.wav,ravdess,08,surprised,High
Actor_09/03-01-01-01-01-01-09.wav,ravdess,09,neutral,Low
Actor_09/03-01-01-01-01-02-09.wav,ravdess,09,neutral,Low
Actor_09/03-01-01-01-02-01-09.wav,ravdess,09,neutral,Low
Actor_09/03-01-01-01-02-02-09.wav,ravdess,09,neutral,Low
Actor_09/03-01-02-01-01-01-09.wav,ravdess,09,calm,Low
Actor_09/03-01-02-01-01-02-09.wav,ravdess,09,calm,Low
Actor_09/03-01-02-01-02-01-09.wav,ravdess,09,calm,Low
Actor_09/03-01-02-01-02-02-09.wav,ravdess,09,calm,Low
Actor_09/03-01-02-02-01-01-09.wav,ravdess,09,calm,Low
Actor_09/03-01-02-02-01-02-09.wav,ravdess,09,calm,Low
Actor_09/03-01-02-02-02-01-09.wav,ravdess,09,calm,Low
Actor_09/03-01-02-02-02-02-09.wav,ravdess,09,calm,Low
Actor_09/03-01-03-01-01-01-09.wav,ravdess,09,happy,Moderate
Actor_09/03-01-03-01-01-02-09.wav,ravdess,09,happy,Moderate
Actor_09/03-01-03-01-02-01-09.wav,ravdess,09,happy,Moderate
Actor_09/03-01-03-01-02-02-09.wav,ravdess,09,happy,Moderate
Actor_09/03-01-03-02-01-01-09.wav,ravdess,09,happy,Moderate
Actor_09/03-01-03-02-01-02-09.wav,ravdess,09,happy,Moderate
Actor_09/03-01-03-02-02-01-09.wav,ravdess,09,happy,Moderate
Actor_09/03-01-03-02-02-02-09.wav,ravdess,09,happy,Moderate
Actor_09/03-01-04-01-01-01-09.wav,ravdess,09,sad,Moderate
Actor_09/03-01-04-01-01-02-09.wav,ravdess,09,sad,Moderate
Actor_09/03-01-04-01-02-01-09.wav,ravdess,09,sad,Moderate
Actor_09/03-01-04-01-02-02-09.wav,ravdess,09,sad,Moderate
Actor_09/03-01-04-02-01-01-09.wav,ravdess,09,sad,Moderate
Actor_09/03-01-04-02-01-02-09.wav,ravdess,09,sad,Moderate
Actor_09/03-01-04-02-02-01-09.wav,ravdess,09,sad,Moderate
Actor_09/03-01-04-02-02-02-09.wav,ravdess,09,sad,Moderate
Actor_09/03-01-05-01-01-01-09.wav,ravdess,09,angry,High
Actor_09/03-01-05-01-01-02-09.wav,ravdess,09,angry,High
Actor_09/03-01-05-01-02-01-09.wav,ravdess,09,angry,High
Actor_09/03-01-05-01-02-02-09.wav,ravdess,09,angry,High
Actor_09/03-01-05-02-01-01-09.wav,ravdess,09,angry,High
Actor_09/03-01-05-02-01-02-09.wav,ravdess,09,angry,High
Actor_09/03-01-05-02-02-01-09.wav,ravdess,09,angry,High
Actor_09/03-01-05-02-02-02-09.wav,ravdess,09,angry,High
Actor_09/03-01-06-01-01-01-09.wav,ravdess,09,fearful,High
Actor_09/03-01-06-01-01-02-09.wav,ravdess,09,fearful,High
Actor_09/03-01-06-01-02-01-09.wav,ravdess,09,fearful,High
Actor_09/03-01-06-01-02-02-09.wav,ravdess,09,fearful,High
Actor_09/03-01-06-02-01-01-09.wav,ravdess,09,fearful,High
Actor_09/03-01-06-02-01-02-09.wav,ravdess,09,fearful,High
Actor_09/03-01-06-02-02-01-09.wav,ravdess,09,fearful,High
Actor_09/03-01-06-02-02-02-09.wav,ravdess,09,fearful,High
Actor_09/03-01-07-01-01-01-09.wav,ravdess,09,disgust,High
Actor_09/03-01-07-01-01-02-09.wav,ravdess,09,disgust,High
Actor_09/03-01-07-01-02-01-09.wav,ravdess,09,disgust,High
Actor_09/03-01-07-01-02-02-09.wav,ravdess,09,disgust,High
Actor_09/03-01-07-02-01-01-09.wav,ravdess,09,disgust,High
Actor_09/03-01-07-02-01-02-09.wav,ravdess,09,disgust,High
Actor_09/03-01-07-02-02-01-09.wav,ravdess,09,disgust,High
Actor_09/03-01-07-02-02-02-09.wav,ravdess,09,disgust,High
Actor_09/03-01-08-01-01-01-09.wav,ravdess,09,surprised,High
Actor_09/03-01-08-01-01-02-09.wav,ravdess,09,surprised,High
Actor_09/03-01-08-01-02-01-09.wav,ravdess,09,surprised,High
Actor_09/03-01-08-01-02-02-09.wav,ravdess,09,surprised,High
Actor_09/03-01-08-02-01-01-09.wav,ravdess,09,surprised,High
Actor_09/03-01-08-02-01-02-09.wav,ravdess,09,surprised,High
Actor_09/03-01-08-02-02-01-09.wav,ravdess,09,surprised,High
Actor_09/03-01-08-02-02-02-09.wav,ravdess,09,surprised,High
Actor_10/03-01-01-01-01-01-10.wav,ravdess,10,neutral,Low
Actor_10/03-01-01-01-01-02-10.wav,ravdess,10,neutral,Low
Actor_10/03-01-01-01-02-01-10.wav,ravdess,10,neutral,Low
Actor_10/03-01-01-01-02-02-10.wav,ravdess,10,neutral,Low
Actor_10/03-01-02-01-01-01-10.wav,ravdess,10,calm,Low
Actor_10/03-01-02-01-01-02-10.wav,ravdess,10,calm,Low
Actor_10/03-01-02-01-02-01-10.wav,ravdess,10,calm,Low
Actor_10/03-01-02-01-02-02-10.wav,ravdess,10,calm,Low
Actor_10/03-01-02-02-01-01-10.wav,ravdess,10,calm,Low
Actor_10/03-01-02-02-01-02-10.wav,ravdess,10,calm,Low
Actor_10/03-01-02-02-02-01-10.wav,ravdess,10,calm,Low
Actor_10/03-01-02-02-02-02-10.wav,ravdess,10,calm,Low
Actor_10/03-01-03-01-01-01-10.wav,ravdess,10,happy,Moderate
Actor_10/03-01-03-01-01-02-10.wav,ravdess,10,happy,Moderate
Actor_10/03-01-03-01-02-01-10.wav,ravdess,10,happy,Moderate
Actor_10/03-01-03-01-02-02-10.wav,ravdess,10,happy,Moderate
Actor_10/03-01-03-02-01-01-10.wav,ravdess,10,happy,Moderate
Actor_10/03-01-03-02-01-02-10.wav,ravdess,10,happy,Moderate
Actor_10/03-01-03-02-02-01-10.wav,ravdess,10,happy,Moderate
Actor_10/03-01-03-02-02-02-10.wav,ravdess,10,happy,Moderate
Actor_10/03-01-04-01-01-01-10.wav,ravdess,10,sad,Moderate
Actor_10/03-01-04-01-01-02-10.wav,ravdess,10,sad,Moderate
Actor_10/03-01-04-01-02-01-10.wav,ravdess,10,sad,Moderate
Actor_10/03-01-04-01-02-02-10.wav,ravdess,10,sad,Moderate
Actor_10/03-01-04-02-01-01-10.wav,ravdess,10,sad,Moderate
Actor_10/03-01-04-02-01-02-10.wav,ravdess,10,sad,Moderate
Actor_10/03-01-04-02-02-01-10.wav,ravdess,10,sad,Moderate
Actor_10/03-01-04-02-02-02-10.wav,ravdess,10,sad,Moderate
Actor_10/03-01-05-01-01-01-10.wav,ravdess,10,angry,High
Actor_10/03-01-05-01-01-02-10.wav,ravdess,10,angry,High
Actor_10/03-01-05-01-02-01-10.wav,ravdess,10,angry,High
Actor_10/03-01-05-01-02-02-10.wav,ravdess,10,angry,High
Actor_10/03-01-05-02-01-01-10.wav,ravdess,10,angry,High
Actor_10/03-01-05-02-01-02-10.wav,ravdess,10,angry,High
Actor_10/03-01-05-02-02-01-10.wav,ravdess,10,angry,High
Actor_10/03-01-05-02-02-02-10.wav,ravdess,10,angry,High
Actor_10/03-01-06-01-01-01-10.wav,ravdess,10,fearful,High
Actor_10/03-01-06-01-01-02-10.wav,ravdess,10,fearful,High
Actor_10/03-01-06-01-02-01-10.wav,ravdess,10,fearful,High
Actor_10/03-01-06-01-02-02-10.wav,ravdess,10,fearful,High
Actor_10/03-01-06-02-01-01-10.wav,ravdess,10,fearful,High
Actor_10/03-01-06-02-01-02-10.wav,ravdess,10,fearful,High
Actor_10/03-01-06-02-02-01-10.wav,ravdess,10,fearful,High
Actor_10/03-01-06-02-02-02-10.wav,ravdess,10,fearful,High
Actor_10/03-01-07-01-01-01-10.wav,ravdess,10,disgust,High
Actor_10/03-01-07-01-01-02-10.wav,ravdess,10,disgust,High
Actor_10/03-01-07-01-02-01-10.wav,ravdess,10,disgust,High
Actor_10/03-01-07-01-02-02-10.wav,ravdess,10,disgust,High
Actor_10/03-01-07-02-01-01-10.wav,ravdess,10,disgust,High
Actor_10/03-01-07-02-01-02-10.wav,ravdess,10,disgust,High
Actor_10/03-01-07-02-02-01-10.wav,ravdess,10,disgust,High
Actor_10/03-01-07-02-02-02-10.wav,ravdess,10,disgust,High
Actor_10/03-01-08-01-01-01-10.wav,ravdess,10,surprised,High
Actor_10/03-01-08-01-01-02-10.wav,ravdess,10,surprised,High
Actor_10/03-01-08-01-02-01-10.wav,ravdess,10,surprised,High
Actor_10/03-01-08-01-02-02-10.wav,ravdess,10,surprised,High
Actor_10/03-01-08-02-01-01-10.wav,ravdess,10,surprised,High
Actor_10/03-01-08-02-01-02-10.wav,ravdess,10,surprised,High
Actor_10/03-01-08-02-02-01-10.wav,ravdess,10,surprised,High
Actor_10/03-01-08-02-02-02-10.wav,ravdess,10,surprised,High
Actor_11/03-01-01-01-01-01-11.wav,ravdess,11,neutral,Low
Actor_11/03-01-01-01-01-02-11.wav,ravdess,11,neutral,Low
Actor_11/03-01-01-01-02-01-11.wav,ravdess,11,neutral,Low
Actor_11/03-01-01-01-02-02-11.wav,ravdess,11,neutral,Low
Actor_11/03-01-02-01-01-01-11.wav,ravdess,11,calm,Low
Actor_11/03-01-02-01-01-02-11.wav,ravdess,11,calm,Low
Actor_11/03-01-02-01-02-01-11.wav,ravdess,11,calm,Low
Actor_11/03-01-02-01-02-02-11.wav,ravdess,11,calm,Low
Actor_11/03-01-02-02-01-01-11.wav,ravdess,11,calm,Low
Actor_11/03-01-02-02-01-02-11.wav,ravdess,11,calm,Low
Actor_11/03-01-02-02-02-01-11.wav,ravdess,11,calm,Low
Actor_11/03-01-02-02-02-02-11.wav,ravdess,11,calm,Low
Actor_11/03-01-03-01-01-01-11.wav,ravdess,11,happy,Moderate
Actor_11/03-01-03-01-01-02-11.wav,ravdess,11,happy,Moderate
Actor_11/03-01-03-01-02-01-11.wav,ravdess,11,happy,Moderate
Actor_11/03-01-03-01-02-02-11.wav,ravdess,11,happy,Moderate
Actor_11/03-01-03-02-01-01-11.wav,ravdess,11,happy,Moderate
Actor_11/03-01-03-02-01-02-11.wav,ravdess,11,happy,Moderate
Actor_11/03-01-03-02-02-01-11.wav,ravdess,11,happy,Moderate
Actor_11/03-01-03-02-02-02-11.wav,ravdess,11,happy,Moderate
Actor_11/03-01-04-01-01-01-11.wav,ravdess,11,sad,Moderate
Actor_11/03-01-04-01-01-02-11.wav,ravdess,11,sad,Moderate
Actor_11/03-01-04-01-02-01-11.wav,ravdess,11,sad,Moderate
Actor_11/03-01-04-01-02-02-11.wav,ravdess,11,sad,Moderate
Actor_11/03-01-04-02-01-01-11.wav,ravdess,11,sad,Moderate
Actor_11/03-01-04-02-01-02-11.wav,ravdess,11,sad,Moderate
Actor_11/03-01-04-02-02-01-11.wav,ravdess,11,sad,Moderate
Actor_11/03-01-04-02-02-02-11.wav,ravdess,11,sad,Moderate
Actor_11/03-01-05-01-01-01-11.wav,ravdess,11,angry,High
Actor_11/03-01-05-01-01-02-11.wav,ravdess,11,angry,High
Actor_11/03-01-05-01-02-01-11.wav,ravdess,11,angry,High
Actor_11/03-01-05-01-02-02-11.wav,ravdess,11,angry,High
Actor_11/03-01-05-02-01-01-11.wav,ravdess,11,angry,High
Actor_11/03-01-05-02-01-02-11.wav,ravdess,11,angry,High
Actor_11/03-01-05-02-02-01-11.wav,ravdess,11,angry,High
Actor_11/03-01-05-02-02-02-11.wav,ravdess,11,angry,High
Actor_11/03-01-06-01-01-01-11.wav,ravdess,11,fearful,High
Actor_11/03-01-06-01-01-02-11.wav,ravdess,11,fearful,High
Actor_11/03-01-06-01-02-01-11.wav,ravdess,11,fearful,High
Actor_11/03-01-06-01-02-02-11.wav,ravdess,11,fearful,High
Actor_11/03-01-06-02-01-01-11.wav,ravdess,11,fearful,High
Actor_11/03-01-06-02-01-02-11.wav,ravdess,11,fearful,High
Actor_11/03-01-06-02-02-01-11.wav,ravdess,11,fearful,High
Actor_11/03-01-06-02-02-02-11.wav,ravdess,11,fearful,High
Actor_11/03-01-07-01-01-01-11.wav,ravdess,11,disgust,High
Actor_11/03-01-07-01-01-02-11.wav,ravdess,11,disgust,High
Actor_11/03-01-07-01-02-01-11.wav,ravdess,11,disgust,High
Actor_11/03-01-07-01-02-02-11.wav,ravdess,11,disgust,High
Actor_11/03-01-07-02-01-01-11.wav,ravdess,11,disgust,High
Actor_11/03-01-07-02-01-02-11.wav,ravdess,11,disgust,High
Actor_11/03-01-07-02-02-01-11.wav,ravdess,11,disgust,High
Actor_11/03-01-07-02-02-02-11.wav,ravdess,11,disgust,High
Actor_11/03-01-08-01-01-01-11.wav,ravdess,11,surprised,High
Actor_11/03-01-08-01-01-02-11.wav,ravdess,11,surprised,High
Actor_11/03-01-08-01-02-01-11.wav,ravdess,11,surprised,High
Actor_11/03-01-08-01-02-02-11.wav,ravdess,11,surprised,High
Actor_11/03-01-08-02-01-01-11.wav,ravdess,11,surprised,High
Actor_11/03-01-08-02-01-02-11.wav,ravdess,11,surprised,High
Actor_11/03-01-08-02-02-01-11.wav,ravdess,11,surprised,High
Actor_11/03-01-08-02-02-02-11.wav,ravdess,11,surprised,High
Actor_12/03-01-01-01-01-01-12.wav,ravdess,12,neutral,Low
Actor_12/03-01-01-01-01-02-12.wav,ravdess,12,neutral,Low
Actor_12/03-01-01-01-02-01-12.wav,ravdess,12,neutral,Low
Actor_12/03-01-01-01-02-02-12.wav,ravdess,12,neutral,Low
Actor_12/03-01-02-01-01-01-12.wav,ravdess,12,calm,Low
Actor_12/03-01-02-01-01-02-12.wav,ravdess,12,calm,Low
Actor_12/03-01-02-01-02-01-12.wav,ravdess,12,calm,Low
Actor_12/03-01-02-01-02-02-12.wav,ravdess,12,calm,Low
Actor_12/03-01-02-02-01-01-12.wav,ravdess,12,calm,Low
Actor_12/03-01-02-02-01-02-12.wav,ravdess,12,calm,Low
Actor_12/03-01-02-02-02-01-12.wav,ravdess,12,calm,Low
Actor_12/03-01-02-02-02-02-12.wav,ravdess,12,calm,Low
Actor_12/03-01-03-01-01-01-12.wav,ravdess,12,happy,Moderate
Actor_12/03-01-03-01-01-02-12.wav,ravdess,12,happy,Moderate
Actor_12/03-01-03-01-02-01-12.wav,ravdess,12,happy,Moderate
Actor_12/03-01-03-01-02-02-12.wav,ravdess,12,happy,Moderate
Actor_12/03-01-03-02-01-01-12.wav,ravdess,12,happy,Moderate
Actor_12/03-01-03-02-01-02-12.wav,ravdess,12,happy,Moderate
Actor_12/03-01-03-02-02-01-12.wav,ravdess,12,happy,Moderate
Actor_12/03-01-03-02-02-02-12.wav,ravdess,12,happy,Moderate
Actor_12/03-01-04-01-01-01-12.wav,ravdess,12,sad,Moderate
Actor_12/03-01-04-01-01-02-12.wav,ravdess,12,sad,Moderate
Actor_12/03-01-04-01-02-01-12.wav,ravdess,12,sad,Moderate
Actor_12/03-01-04-01-02-02-12.wav,ravdess,12,sad,Moderate
Actor_12/03-01-04-02-01-01-12.wav,ravdess,12,sad,Moderate
Actor_12/03-01-04-02-01-02-12.wav,ravdess,12,sad,Moderate
Actor_12/03-01-04-02-02-01-12.wav,ravdess,12,sad,Moderate
Actor_12/03-01-04-02-02-02-12.wav,ravdess,12,sad,Moderate
Actor_12/03-01-05-01-01-01-12.wav,ravdess,12,angry,High
Actor_12/03-01-05-01-01-02-12.wav,ravdess,12,angry,High
Actor_12/03-01-05-01-02-01-12.wav,ravdess,12,angry,High
Actor_12/03-01-05-01-02-02-12.wav,ravdess,12,angry,High
Actor_12/03-01-05-02-01-01-12.wav,ravdess,12,angry,High
Actor_12/03-01-05-02-01-02-12.wav,ravdess,12,angry,High
Actor_12/03-01-05-02-02-01-12.wav,ravdess,12,angry,High
Actor_12/03-01-05-02-02-02-12.wav,ravdess,12,angry,High
Actor_12/03-01-06-01-01-01-12.wav,ravdess,12,fearful,High
Actor_12/03-01-06-01-01-02-12.wav,ravdess,12,fearful,High
Actor_12/03-01-06-01-02-01-12.wav,ravdess,12,fearful,High
Actor_12/03-01-06-01-02-02-12.wav,ravdess,12,fearful,High
Actor_12/03-01-06-02-01-01-12.wav,ravdess,12,fearful,High
Actor_12/03-01-06-02-01-02-12.wav,ravdess,12,fearful,High
Actor_12/03-01-06-02-02-01-12.wav,ravdess,12,fearful,High
Actor_12/03-01-06-02-02-02-12.wav,ravdess,12,fearful,High
Actor_12/03-01-07-01-01-01-12.wav,ravdess,12,disgust,High
Actor_12/03-01-07-01-01-02-12.wav,ravdess,12,disgust,High
Actor_12/03-01-07-01-02-01-12.wav,ravdess,12,disgust,High
Actor_12/03-01-07-01-02-02-12.wav,ravdess,12,disgust,High
Actor_12/03-01-07-02-01-01-12.wav,ravdess,12,disgust,High
Actor_12/03-01-07-02-01-02-12.wav,ravdess,12,disgust,High
Actor_12/03-01-07-02-02-01-12.wav,ravdess,12,disgust,High
Actor_12/03-01-07-02-02-02-12.wav,ravdess,12,disgust,High
Actor_12/03-01-08-01-01-01-12.wav,ravdess,12,surprised,High
Actor_12/03-01-08-01-01-02-12.wav,ravdess,12,surprised,High
Actor_12/03-01-08-01-02-01-12.wav,ravdess,12,surprised,High
Actor_12/03-01-08-01-02-02-12.wav,ravdess,12,surprised,High
Actor_12/03-01-08-02-01-01-12.wav,ravdess,12,surprised,High
Actor_12/03-01-08-02-01-02-12.wav,ravdess,12,surprised,High
Actor_12/03-01-08-02-02-01-12.wav,ravdess,12,surprised,High
Actor_12/03-01-08-02-02-02-12.wav,ravdess,12,surprised,High
Actor_13/03-01-01-01-01-01-13.wav,ravdess,13,neutral,Low
Actor_13/03-01-01-01-01-02-13.wav,ravdess,13,neutral,Low
Actor_13/03-01-01-01-02-01-13.wav,ravdess,13,neutral,Low
Actor_13/03-01-01-01-02-02-13.wav,ravdess,13,neutral,Low
Actor_13/03-01-02-01-01-01-13.wav,ravdess,13,calm,Low
Actor_13/03-01-02-01-01-02-13.wav,ravdess,13,calm,Low
Actor_13/03-01-02-01-02-01-13.wav,ravdess,13,calm,Low
Actor_13/03-01-02-01-02-02-13.wav,ravdess,13,calm,Low
Actor_13/03-01-02-02-01-01-13.wav,ravdess,13,calm,Low
Actor_13/03-01-02-02-01-02-13.wav,ravdess,13,calm,Low
Actor_13/03-01-02-02-02-01-13.wav,ravdess,13,calm,Low
Actor_13/03-01-02-02-02-02-13.wav,ravdess,13,calm,Low
Actor_13/03-01-03-01-01-01-13.wav,ravdess,13,happy,Moderate
Actor_13/03-01-03-01-01-02-13.wav,ravdess,13,happy,Moderate
Actor_13/03-01-03-01-02-01-13.wav,ravdess,13,happy,Moderate
Actor_13/03-01-03-01-02-02-13.wav,ravdess,13,happy,Moderate
Actor_13/03-01-03-02-01-01-13.wav,ravdess,13,happy,Moderate
Actor_13/03-01-03-02-01-02-13.wav,ravdess,13,happy,Moderate
Actor_13/03-01-03-02-02-01-13.wav,ravdess,13,happy,Moderate
Actor_13/03-01-03-02-02-02-13.wav,ravdess,13,happy,Moderate
Actor_13/03-01-04-01-01-01-13.wav,ravdess,13,sad,Moderate
Actor_13/03-01-04-01-01-02-13.wav,ravdess,13,sad,Moderate
Actor_13/03-01-04-01-02-01-13.wav,ravdess,13,sad,Moderate
Actor_13/03-01-04-01-02-02-13.wav,ravdess,13,sad,Moderate
Actor_13/03-01-04-02-01-01-13.wav,ravdess,13,sad,Moderate
Actor_13/03-01-04-02-01-02-13.wav,ravdess,13,sad,Moderate
Actor_13/03-01-04-02-02-01-13.wav,ravdess,13,sad,Moderate
Actor_13/03-01-04-02-02-02-13.wav,ravdess,13,sad,Moderate
Actor_13/03-01-05-01-01-01-13.wav,ravdess,13,angry,High
Actor_13/03-01-05-01-01-02-13.wav,ravdess,13,angry,High
Actor_13/03-01-05-01-02-01-13.wav,ravdess,13,angry,High
Actor_13/03-01-05-01-02-02-13.wav,ravdess,13,angry,High
Actor_13/03-01-05-02-01-01-13.wav,ravdess,13,angry,High
Actor_13/03-01-05-02-01-02-13.wav,ravdess,13,angry,High
Actor_13/03-01-05-02-02-01-13.wav,ravdess,13,angry,High
Actor_13/03-01-05-02-02-02-13.wav,ravdess,13,angry,High
Actor_13/03-01-06-01-01-01-13.wav,ravdess,13,fearful,High
Actor_13/03-01-06-01-01-02-13.wav,ravdess,13,fearful,High
Actor_13/03-01-06-01-02-01-13.wav,ravdess,13,fearful,High
Actor_13/03-01-06-01-02-02-13.wav,ravdess,13,fearful,High
Actor_13/03-01-06-02-01-01-13.wav,ravdess,13,fearful,High
Actor_13/03-01-06-02-01-02-13.wav,ravdess,13,fearful,High
Actor_13/03-01-06-02-02-01-13.wav,ravdess,13,fearful,High
Actor_13/03-01-06-02-02-02-13.wav,ravdess,13,fearful,High
Actor_13/03-01-07-01-01-01-13.wav,ravdess,13,disgust,High
Actor_13/03-01-07-01-01-02-13.wav,ravdess,13,disgust,High
Actor_13/03-01-07-01-02-01-13.wav,ravdess,13,disgust,High
Actor_13/03-01-07-01-02-02-13.wav,ravdess,13,disgust,High
Actor_13/03-01-07-02-01-01-13.wav,ravdess,13,disgust,High
Actor_13/03-01-07-02-01-02-13.wav,ravdess,13,disgust,High
Actor_13/03-01-07-02-02-01-13.wav,ravdess,13,disgust,High
Actor_13/03-01-07-02-02-02-13.wav,ravdess,13,disgust,High
Actor_13/03-01-08-01-01-01-13.wav,ravdess,13,surprised,High
Actor_13/03-01-08-01-01-02-13.wav,ravdess,13,surprised,High
Actor_13/03-01-08-01-02-01-13.wav,ravdess,13,surprised,High
Actor_13/03-01-08-01-02-02-13.wav,ravdess,13,surprised,High
Actor_13/03-01-08-02-01-01-13.wav,ravdess,13,surprised,High
Actor_13/03-01-08-02-01-02-13.wav,ravdess,13,surprised,High
Actor_13/03-01-08-02-02-01-13.wav,ravdess,13,surprised,High
Actor_13/03-01-08-02-02-02-13.wav,ravdess,13,surprised,High
Actor_14/03-01-01-01-01-01-14.wav,ravdess,14,neutral,Low
Actor_14/03-01-01-01-01-02-14.wav,ravdess,14,neutral,Low
Actor_14/03-01-01-01-02-01-14.wav,ravdess,14,neutral,Low
Actor_14/03-01-01-01-02-02-14.wav,ravdess,14,neutral,Low
Actor_14/03-01-02-01-01-01-14.wav,ravdess,14,calm,Low
Actor_14/03-01-02-01-01-02-14.wav,ravdess,14,calm,Low
Actor_14/03-01-02-01-02-01-14.wav,ravdess,14,calm,Low
Actor_14/03-01-02-01-02-02-14.wav,ravdess,14,calm,Low
Actor_14/03-01-02-02-01-01-14.wav,ravdess,14,calm,Low
Actor_14/03-01-02-02-01-02-14.wav,ravdess,14,calm,Low
Actor_14/03-01-02-02-02-01-14.wav,ravdess,14,calm,Low
Actor_14/03-01-02-02-02-02-14.wav,ravdess,14,calm,Low
Actor_14/03-01-03-01-01-01-14.wav,ravdess,14,happy,Moderate
Actor_14/03-01-03-01-01-02-14.wav,ravdess,14,happy,Moderate
Actor_14/03-01-03-01-02-01-14.wav,ravdess,14,happy,Moderate
Actor_14/03-01-03-01-02-02-14.wav,ravdess,14,happy,Moderate
Actor_14/03-01-03-02-01-01-14.wav,ravdess,14,happy,Moderate
Actor_14/03-01-03-02-01-02-14.wav,ravdess,14,happy,Moderate
Actor_14/03-01-03-02-02-01-14.wav,ravdess,14,happy,Moderate
Actor_14/03-01-03-02-02-02-14.wav,ravdess,14,happy,Moderate
Actor_14/03-01-04-01-01-01-14.wav,ravdess,14,sad,Moderate
Actor_14/03-01-04-01-01-02-14.wav,ravdess,14,sad,Moderate
Actor_14/03-01-04-01-02-01-14.wav,ravdess,14,sad,Moderate
Actor_14/03-01-04-01-02-02-14.wav,ravdess,14,sad,Moderate
Actor_14/03-01-04-02-01-01-14.wav,ravdess,14,sad,Moderate
Actor_14/03-01-04-02-01-02-14.wav,ravdess,14,sad,Moderate
Actor_14/03-01-04-02-02-01-14.wav,ravdess,14,sad,Moderate
Actor_14/03-01-04-02-02-02-14.wav,ravdess,14,sad,Moderate
Actor_14/03-01-05-01-01-01-14.wav,ravdess,14,angry,High
Actor_14/03-01-05-01-01-02-14.wav,ravdess,14,angry,High
Actor_14/03-01-05-01-02-01-14.wav,ravdess,14,angry,High
Actor_14/03-01-05-01-02-02-14.wav,ravdess,14,angry,High
Actor_14/03-01-05-02-01-01-14.wav,ravdess,14,angry,High
Actor_14/03-01-05-02-01-02-14.wav,ravdess,14,angry,High
Actor_14/03-01-05-02-02-01-14.wav,ravdess,14,angry,High
Actor_14/03-01-05-02-02-02-14.wav,ravdess,14,angry,High
Actor_14/03-01-06-01-01-01-14.wav,ravdess,14,fearful,High
Actor_14/03-01-06-01-01-02-14.wav,ravdess,14,fearful,High
Actor_14/03-01-06-01-02-01-14.wav,ravdess,14,fearful,High
Actor_14/03-01-06-01-02-02-14.wav,ravdess,14,fearful,High
Actor_14/03-01-06-02-01-01-14.wav,ravdess,14,fearful,High
Actor_14/03-01-06-02-01-02-14.wav,ravdess,14,fearful,High
Actor_14/03-01-06-02-02-01-14.wav,ravdess,14,fearful,High
Actor_14/03-01-06-02-02-02-14.wav,ravdess,14,fearful,High
Actor_14/03-01-07-01-01-01-14.wav,ravdess,14,disgust,High
Actor_14/03-01-07-01-01-02-14.wav,ravdess,14,disgust,High
Actor_14/03-01-07-01-02-01-14.wav,ravdess,14,disgust,High
Actor_14/03-01-07-01-02-02-14.wav,ravdess,14,disgust,High
Actor_14/03-01-07-02-01-01-14.wav,ravdess,14,disgust,High
Actor_14/03-01-07-02-01-02-14.wav,ravdess,14,disgust,High
Actor_14/03-01-07-02-02-01-14.wav,ravdess,14,disgust,High
Actor_14/03-01-07-02-02-02-14.wav,ravdess,14,disgust,High
Actor_14/03-01-08-01-01-01-14.wav,ravdess,14,surprised,High
Actor_14/03-01-08-01-01-02-14.wav,ravdess,14,surprised,High
Actor_14/03-01-08-01-02-01-14.wav,ravdess,14,surprised,High
Actor_14/03-01-08-01-02-02-14.wav,ravdess,14,surprised,High
Actor_14/03-01-08-02-01-01-14.wav,ravdess,14,surprised,High
Actor_14/03-01-08-02-01-02-14.wav,ravdess,14,surprised,High
Actor_14/03-01-08-02-02-01-14.wav,ravdess,14,surprised,High
Actor_14/03-01-08-02-02-02-14.wav,ravdess,14,surprised,High
Actor_15/03-01-01-01-01-01-15.wav,ravdess,15,neutral,Low
Actor_15/03-01-01-01-01-02-15.wav,ravdess,15,neutral,Low
Actor_15/03-01-01-01-02-01-15.wav,ravdess,15,neutral,Low
Actor_15/03-01-01-01-02-02-15.wav,ravdess,15,neutral,Low
Actor_15/03-01-02-01-01-01-15.wav,ravdess,15,calm,Low
Actor_15/03-01-02-01-01-02-15.wav,ravdess,15,calm,Low
Actor_15/03-01-02-01-02-01-15.wav,ravdess,15,calm,Low
Actor_15/03-01-02-01-02-02-15.wav,ravdess,15,calm,Low
Actor_15/03-01-02-02-01-01-15.wav,ravdess,15,calm,Low
Actor_15/03-01-02-02-01-02-15.wav,ravdess,15,calm,Low
Actor_15/03-01-02-02-02-01-15.wav,ravdess,15,calm,Low
Actor_15/03-01-02-02-02-02-15.wav,ravdess,15,calm,Low
Actor_15/03-01-03-01-01-01-15.wav,ravdess,15,happy,Moderate
Actor_15/03-01-03-01-01-02-15.wav,ravdess,15,happy,Moderate
Actor_15/03-01-03-01-02-01-15.wav,ravdess,15,happy,Moderate
Actor_15/03-01-03-01-02-02-15.wav,ravdess,15,happy,Moderate
Actor_15/03-01-03-02-01-01-15.wav,ravdess,15,happy,Moderate
Actor_15/03-01-03-02-01-02-15.wav,ravdess,15,happy,Moderate
Actor_15/03-01-03-02-02-01-15.wav,ravdess,15,happy,Moderate
Actor_15/03-01-03-02-02-02-15.wav,ravdess,15,happy,Moderate
Actor_15/03-01-04-01-01-01-15.wav,ravdess,15,sad,Moderate
Actor_15/03-01-04-01-01-02-15.wav,ravdess,15,sad,Moderate
Actor_15/03-01-04-01-02-01-15.wav,ravdess,15,sad,Moderate
Actor_15/03-01-04-01-02-02-15.wav,ravdess,15,sad,Moderate
Actor_15/03-01-04-02-01-01-15.wav,ravdess,15,sad,Moderate
Actor_15/03-01-04-02-01-02-15.wav,ravdess,15,sad,Moderate
Actor_15/03-01-04-02-02-01-15.wav,ravdess,15,sad,Moderate
Actor_15/03-01-04-02-02-02-15.wav,ravdess,15,sad,Moderate
Actor_15/03-01-05-01-01-01-15.wav,ravdess,15,angry,High
Actor_15/03-01-05-01-01-02-15.wav,ravdess,15,angry,High
Actor_15/03-01-05-01-02-01-15.wav,ravdess,15,angry,High
Actor_15/03-01-05-01-02-02-15.wav,ravdess,15,angry,High
Actor_15/03-01-05-02-01-01-15.wav,ravdess,15,angry,High
Actor_15/03-01-05-02-01-02-15.wav,ravdess,15,angry,High
Actor_15/03-01-05-02-02-01-15.wav,ravdess,15,angry,High
Actor_15/03-01-05-02-02-02-15.wav,ravdess,15,angry,High
Actor_15/03-01-06-01-01-01-15.wav,ravdess,15,fearful,High
Actor_15/03-01-06-01-01-02-15.wav,ravdess,15,fearful,High
Actor_15/03-01-06-01-02-01-15.wav,ravdess,15,fearful,High
Actor_15/03-01-06-01-02-02-15.wav,ravdess,15,fearful,High
Actor_15/03-01-06-02-01-01-15.wav,ravdess,15,fearful,High
Actor_15/03-01-06-02-01-02-15.wav,ravdess,15,fearful,High
Actor_15/03-01-06-02-02-01-15.wav,ravdess,15,fearful,High
Actor_15/03-01-06-02-02-02-15.wav,ravdess,15,fearful,High
Actor_15/03-01-07-01-01-01-15.wav,ravdess,15,disgust,High
Actor_15/03-01-07-01-01-02-15.wav,ravdess,15,disgust,High
Actor_15/03-01-07-01-02-01-15.wav,ravdess,15,disgust,High
Actor_15/03-01-07-01-02-02-15.wav,ravdess,15,disgust,High
Actor_15/03-01-07-02-01-01-15.wav,ravdess,15,disgust,High
Actor_15/03-01-07-02-01-02-15.wav,ravdess,15,disgust,High
Actor_15/03-01-07-02-02-01-15.wav,ravdess,15,disgust,High
Actor_15/03-01-07-02-02-02-15.wav,ravdess,15,disgust,High
Actor_15/03-01-08-01-01-01-15.wav,ravdess,15,surprised,High
Actor_15/03-01-08-01-01-02-15.wav,ravdess,15,surprised,High
Actor_15/03-01-08-01-02-01-15.wav,ravdess,15,surprised,High
Actor_15/03-01-08-01-02-02-15.wav,ravdess,15,surprised,High
Actor_15/03-01-08-02-01-01-15.wav,ravdess,15,surprised,High
Actor_15/03-01-08-02-01-02-15.wav,ravdess,15,surprised,High
Actor_15/03-01-08-02-02-01-15.wav,ravdess,15,surprised,High
Actor_15/03-01-08-02-02-02-15.wav,ravdess,15,surprised,High
Actor_16/03-01-01-01-01-01-16.wav,ravdess,16,neutral,Low
Actor_16/03-01-01-01-01-02-16.wav,ravdess,16,neutral,Low
Actor_16/03-01-01-01-02-01-16.wav,ravdess,16,neutral,Low
Actor_16/03-01-01-01-02-02-16.wav,ravdess,16,neutral,Low
Actor_16/03-01-02-01-01-01-16.wav,ravdess,16,calm,Low
Actor_16/03-01-02-01-01-02-16.wav,ravdess,16,calm,Low
Actor_16/03-01-02-01-02-01-16.wav,ravdess,16,calm,Low
Actor_16/03-01-02-01-02-02-16.wav,ravdess,16,calm,Low
Actor_16/03-01-02-02-01-01-16.wav,ravdess,16,calm,Low
Actor_16/03-01-02-02-01-02-16.wav,ravdess,16,calm,Low
Actor_16/03-01-02-02-02-01-16.wav,ravdess,16,calm,Low
Actor_16/03-01-02-02-02-02-16.wav,ravdess,16,calm,Low
Actor_16/03-01-03-01-01-01-16.wav,ravdess,16,happy,Moderate
Actor_16/03-01-03-01-01-02-16.wav,ravdess,16,happy,Moderate
Actor_16/03-01-03-01-02-01-16.wav,ravdess,16,happy,Moderate
Actor_16/03-01-03-01-02-02-16.wav,ravdess,16,happy,Moderate
Actor_16/03-01-03-02-01-01-16.wav,ravdess,16,happy,Moderate
Actor_16/03-01-03-02-01-02-16.wav,ravdess,16,happy,Moderate
Actor_16/03-01-03-02-02-01-16.wav,ravdess,16,happy,Moderate
Actor_16/03-01-03-02-02-02-16.wav,ravdess,16,happy,Moderate
Actor_16/03-01-04-01-01-01-16.wav,ravdess,16,sad,Moderate
Actor_16/03-01-04-01-01-02-16.wav,ravdess,16,sad,Moderate
Actor_16/03-01-04-01-02-01-16.wav,ravdess,16,sad,Moderate
Actor_16/03-01-04-01-02-02-16.wav,ravdess,16,sad,Moderate
Actor_16/03-01-04-02-01-01-16.wav,ravdess,16,sad,Moderate
Actor_16/03-01-04-02-01-02-16.wav,ravdess,16,sad,Moderate
Actor_16/03-01-04-02-02-01-16.wav,ravdess,16,sad,Moderate
Actor_16/03-01-04-02-02-02-16.wav,ravdess,16,sad,Moderate
Actor_16/03-01-05-01-01-01-16.wav,ravdess,16,angry,High
Actor_16/03-01-05-01-01-02-16.wav,ravdess,16,angry,High
Actor_16/03-01-05-01-02-01-16.wav,ravdess,16,angry,High
Actor_16/03-01-05-01-02-02-16.wav,ravdess,16,angry,High
Actor_16/03-01-05-02-01-01-16.wav,ravdess,16,angry,High
Actor_16/03-01-05-02-01-02-16.wav,ravdess,16,angry,High
Actor_16/03-01-05-02-02-01-16.wav,ravdess,16,angry,High
Actor_16/03-01-05-02-02-02-16.wav,ravdess,16,angry,High
Actor_16/03-01-06-01-01-01-16.wav,ravdess,16,fearful,High
Actor_16/03-01-06-01-01-02-16.wav,ravdess,16,fearful,High
Actor_16/03-01-06-01-02-01-16.wav,ravdess,16,fearful,High
Actor_16/03-01-06-01-02-02-16.wav,ravdess,16,fearful,High
Actor_16/03-01-06-02-01-01-16.wav,ravdess,16,fearful,High
Actor_16/03-01-06-02-01-02-16.wav,ravdess,16,fearful,High
Actor_16/03-01-06-02-02-01-16.wav,ravdess,16,fearful,High
Actor_16/03-01-06-02-02-02-16.wav,ravdess,16,fearful,High
Actor_16/03-01-07-01-01-01-16.wav,ravdess,16,disgust,High
Actor_16/03-01-07-01-01-02-16.wav,ravdess,16,disgust,High
Actor_16/03-01-07-01-02-01-16.wav,ravdess,16,disgust,High
Actor_16/03-01-07-01-02-02-16.wav,ravdess,16,disgust,High
Actor_16/03-01-07-02-01-01-16.wav,ravdess,16,disgust,High
Actor_16/03-01-07-02-01-02-16.wav,ravdess,16,disgust,High
Actor_16/03-01-07-02-02-01-16.wav,ravdess,16,disgust,High
Actor_16/03-01-07-02-02-02-16.wav,ravdess,16,disgust,High
Actor_16/03-01-08-01-01-01-16.wav,ravdess,16,surprised,High
Actor_16/03-01-08-01-01-02-16.wav,ravdess,16,surprised,High
Actor_16/03-01-08-01-02-01-16.wav,ravdess,16,surprised,High
Actor_16/03-01-08-01-02-02-16.wav,ravdess,16,surprised,High
Actor_16/03-01-08-02-01-01-16.wav,ravdess,16,surprised,High
Actor_16/03-01-08-02-01-02-16.wav,ravdess,16,surprised,High
Actor_16/03-01-08-02-02-01-16.wav,ravdess,16,surprised,High
Actor_16/03-01-08-02-02-02-16.wav,ravdess,16,surprised,High
Actor_17/03-01-01-01-01-01-17.wav,ravdess,17,neutral,Low
Actor_17/03-01-01-01-01-02-17.wav,ravdess,17,neutral,Low
Actor_17/03-01-01-01-02-01-17.wav,ravdess,17,neutral,Low
Actor_17/03-01-01-01-02-02-17.wav,ravdess,17,neutral,Low
Actor_17/03-01-02-01-01-01-17.wav,ravdess,17,calm,Low
Actor_17/03-01-02-01-01-02-17.wav,ravdess,17,calm,Low
Actor_17/03-01-02-01-02-01-17.wav,ravdess,17,calm,Low
Actor_17/03-01-02-01-02-02-17.wav,ravdess,17,calm,Low
Actor_17/03-01-02-02-01-01-17.wav,ravdess,17,calm,Low
Actor_17/03-01-02-02-01-02-17.wav,ravdess,17,calm,Low
Actor_17/03-01-02-02-02-01-17.wav,ravdess,17,calm,Low
Actor_17/03-01-02-02-02-02-17.wav,ravdess,17,calm,Low
Actor_17/03-01-03-01-01-01-17.wav,ravdess,17,happy,Moderate
Actor_17/03-01-03-01-01-02-17.wav,ravdess,17,happy,Moderate
Actor_17/03-01-03-01-02-01-17.wav,ravdess,17,happy,Moderate
Actor_17/03-01-03-01-02-02-17.wav,ravdess,17,happy,Moderate
Actor_17/03-01-03-02-01-01-17.wav,ravdess,17,happy,Moderate
Actor_17/03-01-03-02-01-02-17.wav,ravdess,17,happy,Moderate
Actor_17/03-01-03-02-02-01-17.wav,ravdess,17,happy,Moderate
Actor_17/03-01-03-02-02-02-17.wav,ravdess,17,happy,Moderate
Actor_17/03-01-04-01-01-01-17.wav,ravdess,17,sad,Moderate
Actor_17/03-01-04-01-01-02-17.wav,ravdess,17,sad,Moderate
Actor_17/03-01-04-01-02-01-17.wav,ravdess,17,sad,Moderate
Actor_17/03-01-04-01-02-02-17.wav,ravdess,17,sad,Moderate
Actor_17/03-01-04-02-01-01-17.wav,ravdess,17,sad,Moderate
Actor_17/03-01-04-02-01-02-17.wav,ravdess,17,sad,Moderate
Actor_17/03-01-04-02-02-01-17.wav,ravdess,17,sad,Moderate
Actor_17/03-01-04-02-02-02-17.wav,ravdess,17,sad,Moderate
Actor_17/03-01-05-01-01-01-17.wav,ravdess,17,angry,High
Actor_17/03-01-05-01-01-02-17.wav,ravdess,17,angry,High
Actor_17/03-01-05-01-02-01-17.wav,ravdess,17,angry,High
Actor_17/03-01-05-01-02-02-17.wav,ravdess,17,angry,High
Actor_17/03-01-05-02-01-01-17.wav,ravdess,17,angry,High
Actor_17/03-01-05-02-01-02-17.wav,ravdess,17,angry,High
Actor_17/03-01-05-02-02-01-17.wav,ravdess,17,angry,High
Actor_17/03-01-05-02-02-02-17.wav,ravdess,17,angry,High
Actor_17/03-01-06-01-01-01-17.wav,ravdess,17,fearful,High
Actor_17/03-01-06-01-01-02-17.wav,ravdess,17,fearful,High
Actor_17/03-01-06-01-02-01-17.wav,ravdess,17,fearful,High
Actor_17/03-01-06-01-02-02-17.wav,ravdess,17,fearful,High
Actor_17/03-01-06-02-01-01-17.wav,ravdess,17,fearful,High
Actor_17/03-01-06-02-01-02-17.wav,ravdess,17,fearful,High
Actor_17/03-01-06-02-02-01-17.wav,ravdess,17,fearful,High
Actor_17/03-01-06-02-02-02-17.wav,ravdess,17,fearful,High
Actor_17/03-01-07-01-01-01-17.wav,ravdess,17,disgust,High
Actor_17/03-01-07-01-01-02-17.wav,ravdess,17,disgust,High
Actor_17/03-01-07-01-02-01-17.wav,ravdess,17,disgust,High
Actor_17/03-01-07-01-02-02-17.wav,ravdess,17,disgust,High
Actor_17/03-01-07-02-01-01-17.wav,ravdess,17,disgust,High
Actor_17/03-01-07-02-01-02-17.wav,ravdess,17,disgust,High
Actor_17/03-01-07-02-02-01-17.wav,ravdess,17,disgust,High
Actor_17/03-01-07-02-02-02-17.wav,ravdess,17,disgust,High
Actor_17/03-01-08-01-01-01-17.wav,ravdess,17,surprised,High
Actor_17/03-01-08-01-01-02-17.wav,ravdess,17,surprised,High
Actor_17/03-01-08-01-02-01-17.wav,ravdess,17,surprised,High
Actor_17/03-01-08-01-02-02-17.wav,ravdess,17,surprised,High
Actor_17/03-01-08-02-01-01-17.wav,ravdess,17,surprised,High
Actor_17/03-01-08-02-01-02-17.wav,ravdess,17,surprised,High
Actor_17/03-01-08-02-02-01-17.wav,ravdess,17,surprised,High
Actor_17/03-01-08-02-02-02-17.wav,ravdess,17,surprised,High
Actor_18/03-01-01-01-01-01-18.wav,ravdess,18,neutral,Low
Actor_18/03-01-01-01-01-02-18.wav,ravdess,18,neutral,Low
Actor_18/03-01-01-01-02-01-18.wav,ravdess,18,neutral,Low
Actor_18/03-01-01-01-02-02-18.wav,ravdess,18,neutral,Low
Actor_18/03-01-02-01-01-01-18.wav,ravdess,18,calm,Low
Actor_18/03-01-02-01-01-02-18.wav,ravdess,18,calm,Low
Actor_18/03-01-02-01-02-01-18.wav,ravdess,18,calm,Low
Actor_18/03-01-02-01-02-02-18.wav,ravdess,18,calm,Low
Actor_18/03-01-02-02-01-01-18.wav,ravdess,18,calm,Low
Actor_18/03-01-02-02-01-02-18.wav,ravdess,18,calm,Low
Actor_18/03-01-02-02-02-01-18.wav,ravdess,18,calm,Low
Actor_18/03-01-02-02-02-02-18.wav,ravdess,18,calm,Low
Actor_18/03-01-03-01-01-01-18.wav,ravdess,18,happy,Moderate
Actor_18/03-01-03-01-01-02-18.wav,ravdess,18,happy,Moderate
Actor_18/03-01-03-01-02-01-18.wav,ravdess,18,happy,Moderate
Actor_18/03-01-03-01-02-02-18.wav,ravdess,18,happy,Moderate
Actor_18/03-01-03-02-01-01-18.wav,ravdess,18,happy,Moderate
Actor_18/03-01-03-02-01-02-18.wav,ravdess,18,happy,Moderate
Actor_18/03-01-03-02-02-01-18.wav,ravdess,18,happy,Moderate
Actor_18/03-01-03-02-02-02-18.wav,ravdess,18,happy,Moderate
Actor_18/03-01-04-01-01-01-18.wav,ravdess,18,sad,Moderate
Actor_18/03-01-04-01-01-02-18.wav,ravdess,18,sad,Moderate
Actor_18/03-01-04-01-02-01-18.wav,ravdess,18,sad,Moderate
Actor_18/03-01-04-01-02-02-18.wav,ravdess,18,sad,Moderate
Actor_18/03-01-04-02-01-01-18.wav,ravdess,18,sad,Moderate
Actor_18/03-01-04-02-01-02-18.wav,ravdess,18,sad,Moderate
Actor_18/03-01-04-02-02-01-18.wav,ravdess,18,sad,Moderate
Actor_18/03-01-04-02-02-02-18.wav,ravdess,18,sad,Moderate
Actor_18/03-01-05-01-01-01-18.wav,ravdess,18,angry,High
Actor_18/03-01-05-01-01-02-18.wav,ravdess,18,angry,High
Actor_18/03-01-05-01-02-01-18.wav,ravdess,18,angry,High
Actor_18/03-01-05-01-02-02-18.wav,ravdess,18,angry,High
Actor_18/03-01-05-02-01-01-18.wav,ravdess,18,angry,High
Actor_18/03-01-05-02-01-02-18.wav,ravdess,18,angry,High
Actor_18/03-01-05-02-02-01-18.wav,ravdess,18,angry,High
Actor_18/03-01-05-02-02-02-18.wav,ravdess,18,angry,High
Actor_18/03-01-06-01-01-01-18.wav,ravdess,18,fearful,High
Actor_18/03-01-06-01-01-02-18.wav,ravdess,18,fearful,High
Actor_18/03-01-06-01-02-01-18.wav,ravdess,18,fearful,High
Actor_18/03-01-06-01-02-02-18.wav,ravdess,18,fearful,High
Actor_18/03-01-06-02-01-01-18.wav,ravdess,18,fearful,High
Actor_18/03-01-06-02-01-02-18.wav,ravdess,18,fearful,High
Actor_18/03-01-06-02-02-01-18.wav,ravdess,18,fearful,High
Actor_18/03-01-06-02-02-02-18.wav,ravdess,18,fearful,High
Actor_18/03-01-07-01-01-01-18.wav,ravdess,18,disgust,High
Actor_18/03-01-07-01-01-02-18.wav,ravdess,18,disgust,High
Actor_18/03-01-07-01-02-01-18.wav,ravdess,18,disgust,High
Actor_18/03-01-07-01-02-02-18.wav,ravdess,18,disgust,High
Actor_18/03-01-07-02-01-01-18.wav,ravdess,18,disgust,High
Actor_18/03-01-07-02-01-02-18.wav,ravdess,18,disgust,High
Actor_18/03-01-07-02-02-01-18.wav,ravdess,18,disgust,High
Actor_18/03-01-07-02-02-02-18.wav,ravdess,18,disgust,High
Actor_18/03-01-08-01-01-01-18.wav,ravdess,18,surprised,High
Actor_18/03-01-08-01-01-02-18.wav,ravdess,18,surprised,High
Actor_18/03-01-08-01-02-01-18.wav,ravdess,18,surprised,High
Actor_18/03-01-08-01-02-02-18.wav,ravdess,18,surprised,High
Actor_18/03-01-08-02-01-01-18.wav,ravdess,18,surprised,High
Actor_18/03-01-08-02-01-02-18.wav,ravdess,18,surprised,High
Actor_18/03-01-08-02-02-01-18.wav,ravdess,18,surprised,High
Actor_18/03-01-08-02-02-02-18.wav,ravdess,18,surprised,High
Actor_19/03-01-01-01-01-01-19.wav,ravdess,19,neutral,Low
Actor_19/03-01-01-01-01-02-19.wav,ravdess,19,neutral,Low
Actor_19/03-01-01-01-02-01-19.wav,ravdess,19,neutral,Low
Actor_19/03-01-01-01-02-02-19.wav,ravdess,19,neutral,Low
Actor_19/03-01-02-01-01-01-19.wav,ravdess,19,calm,Low
Actor_19/03-01-02-01-01-02-19.wav,ravdess,19,calm,Low
Actor_19/03-01-02-01-02-01-19.wav,ravdess,19,calm,Low
Actor_19/03-01-02-01-02-02-19.wav,ravdess,19,calm,Low
Actor_19/03-01-02-02-01-01-19.wav,ravdess,19,calm,Low
Actor_19/03-01-02-02-01-02-19.wav,ravdess,19,calm,Low
Actor_19/03-01-02-02-02-01-19.wav,ravdess,19,calm,Low
Actor_19/03-01-02-02-02-02-19.wav,ravdess,19,calm,Low
Actor_19/03-01-03-01-01-01-19.wav,ravdess,19,happy,Moderate
Actor_19/03-01-03-01-01-02-19.wav,ravdess,19,happy,Moderate
Actor_19/03-01-03-01-02-01-19.wav,ravdess,19,happy,Moderate
Actor_19/03-01-03-01-02-02-19.wav,ravdess,19,happy,Moderate
Actor_19/03-01-03-02-01-01-19.wav,ravdess,19,happy,Moderate
Actor_19/03-01-03-02-01-02-19.wav,ravdess,19,happy,Moderate
Actor_19/03-01-03-02-02-01-19.wav,ravdess,19,happy,Moderate
Actor_19/03-01-03-02-02-02-19.wav,ravdess,19,happy,Moderate
Actor_19/03-01-04-01-01-01-19.wav,ravdess,19,sad,Moderate
Actor_19/03-01-04-01-01-02-19.wav,ravdess,19,sad,Moderate
Actor_19/03-01-04-01-02-01-19.wav,ravdess,19,sad,Moderate
Actor_19/03-01-04-01-02-02-19.wav,ravdess,19,sad,Moderate
Actor_19/03-01-04-02-01-01-19.wav,ravdess,19,sad,Moderate
Actor_19/03-01-04-02-01-02-19.wav,ravdess,19,sad,Moderate
Actor_19/03-01-04-02-02-01-19.wav,ravdess,19,sad,Moderate
Actor_19/03-01-04-02-02-02-19.wav,ravdess,19,sad,Moderate
Actor_19/03-01-05-01-01-01-19.wav,ravdess,19,angry,High
Actor_19/03-01-05-01-01-02-19.wav,ravdess,19,angry,High
Actor_19/03-01-05-01-02-01-19.wav,ravdess,19,angry,High
Actor_19/03-01-05-01-02-02-19.wav,ravdess,19,angry,High
Actor_19/03-01-05-02-01-01-19.wav,ravdess,19,angry,High
Actor_19/03-01-05-02-01-02-19.wav,ravdess,19,angry,High
Actor_19/03-01-05-02-02-01-19.wav,ravdess,19,angry,High
Actor_19/03-01-05-02-02-02-19.wav,ravdess,19,angry,High
Actor_19/03-01-06-01-01-01-19.wav,ravdess,19,fearful,High
Actor_19/03-01-06-01-01-02-19.wav,ravdess,19,fearful,High
Actor_19/03-01-06-01-02-01-19.wav,ravdess,19,fearful,High
Actor_19/03-01-06-01-02-02-19.wav,ravdess,19,fearful,High
Actor_19/03-01-06-02-01-01-19.wav,ravdess,19,fearful,High
Actor_19/03-01-06-02-01-02-19.wav,ravdess,19,fearful,High
Actor_19/03-01-06-02-02-01-19.wav,ravdess,19,fearful,High
Actor_19/03-01-06-02-02-02-19.wav,ravdess,19,fearful,High
Actor_19/03-01-07-01-01-01-19.wav,ravdess,19,disgust,High
Actor_19/03-01-07-01-01-02-19.wav,ravdess,19,disgust,High
Actor_19/03-01-07-01-02-01-19.wav,ravdess,19,disgust,High
Actor_19/03-01-07-01-02-02-19.wav,ravdess,19,disgust,High
Actor_19/03-01-07-02-01-01-19.wav,ravdess,19,disgust,High
Actor_19/03-01-07-02-01-02-19.wav,ravdess,19,disgust,High
Actor_19/03-01-07-02-02-01-19.wav,ravdess,19,disgust,High
Actor_19/03-01-07-02-02-02-19.wav,ravdess,19,disgust,High
Actor_19/03-01-08-01-01-01-19.wav,ravdess,19,surprised,High
Actor_19/03-01-08-01-01-02-19.wav,ravdess,19,surprised,High
Actor_19/03-01-08-01-02-01-19.wav,ravdess,19,surprised,High
Actor_19/03-01-08-01-02-02-19.wav,ravdess,19,surprised,High
Actor_19/03-01-08-02-01-01-19.wav,ravdess,19,surprised,High
Actor_19/03-01-08-02-01-02-19.wav,ravdess,19,surprised,High
Actor_19/03-01-08-02-02-01-19.wav,ravdess,19,surprised,High
Actor_19/03-01-08-02-02-02-19.wav,ravdess,19,surprised,High
Actor_20/03-01-01-01-01-01-20.wav,ravdess,20,neutral,Low
Actor_20/03-01-01-01-01-02-20.wav,ravdess,20,neutral,Low
Actor_20/03-01-01-01-02-01-20.wav,ravdess,20,neutral,Low
Actor_20/03-01-01-01-02-02-20.wav,ravdess,20,neutral,Low
Actor_20/03-01-02-01-01-01-20.wav,ravdess,20,calm,Low
Actor_20/03-01-02-01-01-02-20.wav,ravdess,20,calm,Low
Actor_20/03-01-02-01-02-01-20.wav,ravdess,20,calm,Low
Actor_20/03-01-02-01-02-02-20.wav,ravdess,20,calm,Low
Actor_20/03-01-02-02-01-01-20.wav,ravdess,20,calm,Low
Actor_20/03-01-02-02-01-02-20.wav,ravdess,20,calm,Low
Actor_20/03-01-02-02-02-01-20.wav,ravdess,20,calm,Low
Actor_20/03-01-02-02-02-02-20.wav,ravdess,20,calm,Low
Actor_20/03-01-03-01-01-01-20.wav,ravdess,20,happy,Moderate
Actor_20/03-01-03-01-01-02-20.wav,ravdess,20,happy,Moderate
Actor_20/03-01-03-01-02-01-20.wav,ravdess,20,happy,Moderate
Actor_20/03-01-03-01-02-02-20.wav,ravdess,20,happy,Moderate
Actor_20/03-01-03-02-01-01-20.wav,ravdess,20,happy,Moderate
Actor_20/03-01-03-02-01-02-20.wav,ravdess,20,happy,Moderate
Actor_20/03-01-03-02-02-01-20.wav,ravdess,20,happy,Moderate
Actor_20/03-01-03-02-02-02-20.wav,ravdess,20,happy,Moderate
Actor_20/03-01-04-01-01-01-20.wav,ravdess,20,sad,Moderate
Actor_20/03-01-04-01-01-02-20.wav,ravdess,20,sad,Moderate
Actor_20/03-01-04-01-02-01-20.wav,ravdess,20,sad,Moderate
Actor_20/03-01-04-01-02-02-20.wav,ravdess,20,sad,Moderate
Actor_20/03-01-04-02-01-01-20.wav,ravdess,20,sad,Moderate
Actor_20/03-01-04-02-01-02-20.wav,ravdess,20,sad,Moderate
Actor_20/03-01-04-02-02-01-20.wav,ravdess,20,sad,Moderate
Actor_20/03-01-04-02-02-02-20.wav,ravdess,20,sad,Moderate
Actor_20/03-01-05-01-01-01-20.wav,ravdess,20,angry,High
Actor_20/03-01-05-01-01-02-20.wav,ravdess,20,angry,High
Actor_20/03-01-05-01-02-01-20.wav,ravdess,20,angry,High
Actor_20/03-01-05-01-02-02-20.wav,ravdess,20,angry,High
Actor_20/03-01-05-02-01-01-20.wav,ravdess,20,angry,High
Actor_20/03-01-05-02-01-02-20.wav,ravdess,20,angry,High
Actor_20/03-01-05-02-02-01-20.wav,ravdess,20,angry,High
Actor_20/03-01-05-02-02-02-20.wav,ravdess,20,angry,High
Actor_20/03-01-06-01-01-01-20.wav,ravdess,20,fearful,High
Actor_20/03-01-06-01-01-02-20.wav,ravdess,20,fearful,High
Actor_20/03-01-06-01-02-01-20.wav,ravdess,20,fearful,High
Actor_20/03-01-06-01-02-02-20.wav,ravdess,20,fearful,High
Actor_20/03-01-06-02-01-01-20.wav,ravdess,20,fearful,High
Actor_20/03-01-06-02-01-02-20.wav,ravdess,20,fearful,High
Actor_20/03-01-06-02-02-01-20.wav,ravdess,20,fearful,High
Actor_20/03-01-06-02-02-02-20.wav,ravdess,20,fearful,High
Actor_20/03-01-07-01-01-01-20.wav,ravdess,20,disgust,High
Actor_20/03-01-07-01-01-02-20.wav,ravdess,20,disgust,High
Actor_20/03-01-07-01-02-01-20.wav,ravdess,20,disgust,High
Actor_20/03-01-07-01-02-02-20.wav,ravdess,20,disgust,High
Actor_20/03-01-07-02-01-01-20.wav,ravdess,20,disgust,High
Actor_20/03-01-07-02-01-02-20.wav,ravdess,20,disgust,High
Actor_20/03-01-07-02-02-01-20.wav,ravdess,20,disgust,High
Actor_20/03-01-07-02-02-02-20.wav,ravdess,20,disgust,High
Actor_20/03-01-08-01-01-01-20.wav,ravdess,20,surprised,High
Actor_20/03-01-08-01-01-02-20.wav,ravdess,20,surprised,High
Actor_20/03-01-08-01-02-01-20.wav,ravdess,20,surprised,High
Actor_20/03-01-08-01-02-02-20.wav,ravdess,20,surprised,High
Actor_20/03-01-08-02-01-01-20.wav,ravdess,20,surprised,High
Actor_20/03-01-08-02-01-02-20.wav,ravdess,20,surprised,High
Actor_20/03-01-08-02-02-01-20.wav,ravdess,20,surprised,High
Actor_20/03-01-08-02-02-02-20.wav,ravdess,20,surprised,High
Actor_21/03-01-01-01-01-01-21.wav,ravdess,21,neutral,Low
Actor_21/03-01-01-01-01-02-21.wav,ravdess,21,neutral,Low
Actor_21/03-01-01-01-02-01-21.wav,ravdess,21,neutral,Low
Actor_21/03-01-01-01-02-02-21.wav,ravdess,21,neutral,Low
Actor_21/03-01-02-01-01-01-21.wav,ravdess,21,calm,Low
Actor_21/03-01-02-01-01-02-21.wav,ravdess,21,calm,Low
Actor_21/03-01-02-01-02-01-21.wav,ravdess,21,calm,Low
Actor_21/03-01-02-01-02-02-21.wav,ravdess,21,calm,Low
Actor_21/03-01-02-02-01-01-21.wav,ravdess,21,calm,Low
Actor_21/03-01-02-02-01-02-21.wav,ravdess,21,calm,Low
Actor_21/03-01-02-02-02-01-21.wav,ravdess,21,calm,Low
Actor_21/03-01-02-02-02-02-21.wav,ravdess,21,calm,Low
Actor_21/03-01-03-01-01-01-21.wav,ravdess,21,happy,Moderate
Actor_21/03-01-03-01-01-02-21.wav,ravdess,21,happy,Moderate
Actor_21/03-01-03-01-02-01-21.wav,ravdess,21,happy,Moderate
Actor_21/03-01-03-01-02-02-21.wav,ravdess,21,happy,Moderate
Actor_21/03-01-03-02-01-01-21.wav,ravdess,21,happy,Moderate
Actor_21/03-01-03-02-01-02-21.wav,ravdess,21,happy,Moderate
Actor_21/03-01-03-02-02-01-21.wav,ravdess,21,happy,Moderate
Actor_21/03-01-03-02-02-02-21.wav,ravdess,21,happy,Moderate
Actor_21/03-01-04-01-01-01-21.wav,ravdess,21,sad,Moderate
Actor_21/03-01-04-01-01-02-21.wav,ravdess,21,sad,Moderate
Actor_21/03-01-04-01-02-01-21.wav,ravdess,21,sad,Moderate
Actor_21/03-01-04-01-02-02-21.wav,ravdess,21,sad,Moderate
Actor_21/03-01-04-02-01-01-21.wav,ravdess,21,sad,Moderate
Actor_21/03-01-04-02-01-02-21.wav,ravdess,21,sad,Moderate
Actor_21/03-01-04-02-02-01-21.wav,ravdess,21,sad,Moderate
Actor_21/03-01-04-02-02-02-21.wav,ravdess,21,sad,Moderate
Actor_21/03-01-05-01-01-01-21.wav,ravdess,21,angry,High
Actor_21/03-01-05-01-01-02-21.wav,ravdess,21,angry,High
Actor_21/03-01-05-01-02-01-21.wav,ravdess,21,angry,High
Actor_21/03-01-05-01-02-02-21.wav,ravdess,21,angry,High
Actor_21/03-01-05-02-01-01-21.wav,ravdess,21,angry,High
Actor_21/03-01-05-02-01-02-21.wav,ravdess,21,angry,High
Actor_21/03-01-05-02-02-01-21.wav,ravdess,21,angry,High
Actor_21/03-01-05-02-02-02-21.wav,ravdess,21,angry,High
Actor_21/03-01-06-01-01-01-21.wav,ravdess,21,fearful,High
Actor_21/03-01-06-01-01-02-21.wav,ravdess,21,fearful,High
Actor_21/03-01-06-01-02-01-21.wav,ravdess,21,fearful,High
Actor_21/03-01-06-01-02-02-21.wav,ravdess,21,fearful,High
Actor_21/03-01-06-02-01-01-21.wav,ravdess,21,fearful,High
Actor_21/03-01-06-02-01-02-21.wav,ravdess,21,fearful,High
Actor_21/03-01-06-02-02-01-21.wav,ravdess,21,fearful,High
Actor_21/03-01-06-02-02-02-21.wav,ravdess,21,fearful,High
Actor_21/03-01-07-01-01-01-21.wav,ravdess,21,disgust,High
Actor_21/03-01-07-01-01-02-21.wav,ravdess,21,disgust,High
Actor_21/03-01-07-01-02-01-21.wav,ravdess,21,disgust,High
Actor_21/03-01-07-01-02-02-21.wav,ravdess,21,disgust,High
Actor_21/03-01-07-02-01-01-21.wav,ravdess,21,disgust,High
Actor_21/03-01-07-02-01-02-21.wav,ravdess,21,disgust,High
Actor_21/03-01-07-02-02-01-21.wav,ravdess,21,disgust,High
Actor_21/03-01-07-02-02-02-21.wav,ravdess,21,disgust,High
Actor_21/03-01-08-01-01-01-21.wav,ravdess,21,surprised,High
Actor_21/03-01-08-01-01-02-21.wav,ravdess,21,surprised,High
Actor_21/03-01-08-01-02-01-21.wav,ravdess,21,surprised,High
Actor_21/03-01-08-01-02-02-21.wav,ravdess,21,surprised,High
Actor_21/03-01-08-02-01-01-21.wav,ravdess,21,surprised,High
Actor_21/03-01-08-02-01-02-21.wav,ravdess,21,surprised,High
Actor_21/03-01-08-02-02-01-21.wav,ravdess,21,surprised,High
Actor_21/03-01-08-02-02-02-21.wav,ravdess,21,surprised,High
Actor_22/03-01-01-01-01-01-22.wav,ravdess,22,neutral,Low
Actor_22/03-01-01-01-01-02-22.wav,ravdess,22,neutral,Low
Actor_22/03-01-01-01-02-01-22.wav,ravdess,22,neutral,Low
Actor_22/03-01-01-01-02-02-22.wav,ravdess,22,neutral,Low
Actor_22/03-01-02-01-01-01-22.wav,ravdess,22,calm,Low
Actor_22/03-01-02-01-01-02-22.wav,ravdess,22,calm,Low
Actor_22/03-01-02-01-02-01-22.wav,ravdess,22,calm,Low
Actor_22/03-01-02-01-02-02-22.wav,ravdess,22,calm,Low
Actor_22/03-01-02-02-01-01-22.wav,ravdess,22,calm,Low
Actor_22/03-01-02-02-01-02-22.wav,ravdess,22,calm,Low
Actor_22/03-01-02-02-02-01-22.wav,ravdess,22,calm,Low
Actor_22/03-01-02-02-02-02-22.wav,ravdess,22,calm,Low
Actor_22/03-01-03-01-01-01-22.wav,ravdess,22,happy,Moderate
Actor_22/03-01-03-01-01-02-22.wav,ravdess,22,happy,Moderate
Actor_22/03-01-03-01-02-01-22.wav,ravdess,22,happy,Moderate
Actor_22/03-01-03-01-02-02-22.wav,ravdess,22,happy,Moderate
Actor_22/03-01-03-02-01-01-22.wav,ravdess,22,happy,Moderate
Actor_22/03-01-03-02-01-02-22.wav,ravdess,22,happy,Moderate
Actor_22/03-01-03-02-02-01-22.wav,ravdess,22,happy,Moderate
Actor_22/03-01-03-02-02-02-22.wav,ravdess,22,happy,Moderate
Actor_22/03-01-04-01-01-01-22.wav,ravdess,22,sad,Moderate
Actor_22/03-01-04-01-01-02-22.wav,ravdess,22,sad,Moderate
Actor_22/03-01-04-01-02-01-22.wav,ravdess,22,sad,Moderate
Actor_22/03-01-04-01-02-02-22.wav,ravdess,22,sad,Moderate
Actor_22/03-01-04-02-01-01-22.wav,ravdess,22,sad,Moderate
Actor_22/03-01-04-02-01-02-22.wav,ravdess,22,sad,Moderate
Actor_22/03-01-04-02-02-01-22.wav,ravdess,22,sad,Moderate
Actor_22/03-01-04-02-02-02-22.wav,ravdess,22,sad,Moderate
Actor_22/03-01-05-01-01-01-22.wav,ravdess,22,angry,High
Actor_22/03-01-05-01-01-02-22.wav,ravdess,22,angry,High
Actor_22/03-01-05-01-02-01-22.wav,ravdess,22,angry,High
Actor_22/03-01-05-01-02-02-22.wav,ravdess,22,angry,High
Actor_22/03-01-05-02-01-01-22.wav,ravdess,22,angry,High
Actor_22/03-01-05-02-01-02-22.wav,ravdess,22,angry,High
Actor_22/03-01-05-02-02-01-22.wav,ravdess,22,angry,High
Actor_22/03-01-05-02-02-02-22.wav,ravdess,22,angry,High
Actor_22/03-01-06-01-01-01-22.wav,ravdess,22,fearful,High
Actor_22/03-01-06-01-01-02-22.wav,ravdess,22,fearful,High
Actor_22/03-01-06-01-02-01-22.wav,ravdess,22,fearful,High
Actor_22/03-01-06-01-02-02-22.wav,ravdess,22,fearful,High
Actor_22/03-01-06-02-01-01-22.wav,ravdess,22,fearful,High
Actor_22/03-01-06-02-01-02-22.wav,ravdess,22,fearful,High
Actor_22/03-01-06-02-02-01-22.wav,ravdess,22,fearful,High
Actor_22/03-01-06-02-02-02-22.wav,ravdess,22,fearful,High
Actor_22/03-01-07-01-01-01-22.wav,ravdess,22,disgust,High
Actor_22/03-01-07-01-01-02-22.wav,ravdess,22,disgust,High
Actor_22/03-01-07-01-02-01-22.wav,ravdess,22,disgust,High
Actor_22/03-01-07-01-02-02-22.wav,ravdess,22,disgust,High
Actor_22/03-01-07-02-01-01-22.wav,ravdess,22,disgust,High
Actor_22/03-01-07-02-01-02-22.wav,ravdess,22,disgust,High
Actor_22/03-01-07-02-02-01-22.wav,ravdess,22,disgust,High
Actor_22/03-01-07-02-02-02-22.wav,ravdess,22,disgust,High
Actor_22/03-01-08-01-01-01-22.wav,ravdess,22,surprised,High
Actor_22/03-01-08-01-01-02-22.wav,ravdess,22,surprised,High
Actor_22/03-01-08-01-02-01-22.wav,ravdess,22,surprised,High
Actor_22/03-01-08-01-02-02-22.wav,ravdess,22,surprised,High
Actor_22/03-01-08-02-01-01-22.wav,ravdess,22,surprised,High
Actor_22/03-01-08-02-01-02-22.wav,ravdess,22,surprised,High
Actor_22/03-01-08-02-02-01-22.wav,ravdess,22,surprised,High
Actor_22/03-01-08-02-02-02-22.wav,ravdess,22,surprised,High
Actor_23/03-01-01-01-01-01-23.wav,ravdess,23,neutral,Low
Actor_23/03-01-01-01-01-02-23.wav,ravdess,23,neutral,Low
Actor_23/03-01-01-01-02-01-23.wav,ravdess,23,neutral,Low
Actor_23/03-01-01-01-02-02-23.wav,ravdess,23,neutral,Low
Actor_23/03-01-02-01-01-01-23.wav,ravdess,23,calm,Low
Actor_23/03-01-02-01-01-02-23.wav,ravdess,23,calm,Low
Actor_23/03-01-02-01-02-01-23.wav,ravdess,23,calm,Low
Actor_23/03-01-02-01-02-02-23.wav,ravdess,23,calm,Low
Actor_23/03-01-02-02-01-01-23.wav,ravdess,23,calm,Low
Actor_23/03-01-02-02-01-02-23.wav,ravdess,23,calm,Low
Actor_23/03-01-02-02-02-01-23.wav,ravdess,23,calm,Low
Actor_23/03-01-02-02-02-02-23.wav,ravdess,23,calm,Low
Actor_23/03-01-03-01-01-01-23.wav,ravdess,23,happy,Moderate
Actor_23/03-01-03-01-01-02-23.wav,ravdess,23,happy,Moderate
Actor_23/03-01-03-01-02-01-23.wav,ravdess,23,happy,Moderate
Actor_23/03-01-03-01-02-02-23.wav,ravdess,23,happy,Moderate
Actor_23/03-01-03-02-01-01-23.wav,ravdess,23,happy,Moderate
Actor_23/03-01-03-02-01-02-23.wav,ravdess,23,happy,Moderate
Actor_23/03-01-03-02-02-01-23.wav,ravdess,23,happy,Moderate
Actor_23/03-01-03-02-02-02-23.wav,ravdess,23,happy,Moderate
Actor_23/03-01-04-01-01-01-23.wav,ravdess,23,sad,Moderate
Actor_23/03-01-04-01-01-02-23.wav,ravdess,23,sad,Moderate
Actor_23/03-01-04-01-02-01-23.wav,ravdess,23,sad,Moderate
Actor_23/03-01-04-01-02-02-23.wav,ravdess,23,sad,Moderate
Actor_23/03-01-04-02-01-01-23.wav,ravdess,23,sad,Moderate
Actor_23/03-01-04-02-01-02-23.wav,ravdess,23,sad,Moderate
Actor_23/03-01-04-02-02-01-23.wav,ravdess,23,sad,Moderate
Actor_23/03-01-04-02-02-02-23.wav,ravdess,23,sad,Moderate
Actor_23/03-01-05-01-01-01-23.wav,ravdess,23,angry,High
Actor_23/03-01-05-01-01-02-23.wav,ravdess,23,angry,High
Actor_23/03-01-05-01-02-01-23.wav,ravdess,23,angry,High
Actor_23/03-01-05-01-02-02-23.wav,ravdess,23,angry,High
Actor_23/03-01-05-02-01-01-23.wav,ravdess,23,angry,High
Actor_23/03-01-05-02-01-02-23.wav,ravdess,23,angry,High
Actor_23/03-01-05-02-02-01-23.wav,ravdess,23,angry,High
Actor_23/03-01-05-02-02-02-23.wav,ravdess,23,angry,High
Actor_23/03-01-06-01-01-01-23.wav,ravdess,23,fearful,High
Actor_23/03-01-06-01-01-02-23.wav,ravdess,23,fearful,High
Actor_23/03-01-06-01-02-01-23.wav,ravdess,23,fearful,High
Actor_23/03-01-06-01-02-02-23.wav,ravdess,23,fearful,High
Actor_23/03-01-06-02-01-01-23.wav,ravdess,23,fearful,High
Actor_23/03-01-06-02-01-02-23.wav,ravdess,23,fearful,High
Actor_23/03-01-06-02-02-01-23.wav,ravdess,23,fearful,High
Actor_23/03-01-06-02-02-02-23.wav,ravdess,23,fearful,High
Actor_23/03-01-07-01-01-01-23.wav,ravdess,23,disgust,High
Actor_23/03-01-07-01-01-02-23.wav,ravdess,23,disgust,High
Actor_23/03-01-07-01-02-01-23.wav,ravdess,23,disgust,High
Actor_23/03-01-07-01-02-02-23.wav,ravdess,23,disgust,High
Actor_23/03-01-07-02-01-01-23.wav,ravdess,23,disgust,High
Actor_23/03-01-07-02-01-02-23.wav,ravdess,23,disgust,High
Actor_23/03-01-07-02-02-01-23.wav,ravdess,23,disgust,High
Actor_23/03-01-07-02-02-02-23.wav,ravdess,23,disgust,High
Actor_23/03-01-08-01-01-01-23.wav,ravdess,23,surprised,High
Actor_23/03-01-08-01-01-02-23.wav,ravdess,23,surprised,High
Actor_23/03-01-08-01-02-01-23.wav,ravdess,23,surprised,High
Actor_23/03-01-08-01-02-02-23.wav,ravdess,23,surprised,High
Actor_23/03-01-08-02-01-01-23.wav,ravdess,23,surprised,High
Actor_23/03-01-08-02-01-02-23.wav,ravdess,23,surprised,High
Actor_23/03-01-08-02-02-01-23.wav,ravdess,23,surprised,High
Actor_23/03-01-08-02-02-02-23.wav,ravdess,23,surprised,High
Actor_24/03-01-01-01-01-01-24.wav,ravdess,24,neutral,Low
Actor_24/03-01-01-01-01-02-24.wav,ravdess,24,neutral,Low
Actor_24/03-01-01-01-02-01-24.wav,ravdess,24,neutral,Low
Actor_24/03-01-01-01-02-02-24.wav,ravdess,24,neutral,Low
Actor_24/03-01-02-01-01-01-24.wav,ravdess,24,calm,Low
Actor_24/03-01-02-01-01-02-24.wav,ravdess,24,calm,Low
Actor_24/03-01-02-01-02-01-24.wav,ravdess,24,calm,Low
Actor_24/03-01-02-01-02-02-24.wav,ravdess,24,calm,Low
Actor_24/03-01-02-02-01-01-24.wav,ravdess,24,calm,Low
Actor_24/03-01-02-02-01-02-24.wav,ravdess,24,calm,Low
Actor_24/03-01-02-02-02-01-24.wav,ravdess,24,calm,Low
Actor_24/03-01-02-02-02-02-24.wav,ravdess,24,calm,Low
Actor_24/03-01-03-01-01-01-24.wav,ravdess,24,happy,Moderate
Actor_24/03-01-03-01-01-02-24.wav,ravdess,24,happy,Moderate
Actor_24/03-01-03-01-02-01-24.wav,ravdess,24,happy,Moderate
Actor_24/03-01-03-01-02-02-24.wav,ravdess,24,happy,Moderate
Actor_24/03-01-03-02-01-01-24.wav,ravdess,24,happy,Moderate
Actor_24/03-01-03-02-01-02-24.wav,ravdess,24,happy,Moderate
Actor_24/03-01-03-02-02-01-24.wav,ravdess,24,happy,Moderate
Actor_24/03-01-03-02-02-02-24.wav,ravdess,24,happy,Moderate
Actor_24/03-01-04-01-01-01-24.wav,ravdess,24,sad,Moderate
Actor_24/03-01-04-01-01-02-24.wav,ravdess,24,sad,Moderate
Actor_24/03-01-04-01-02-01-24.wav,ravdess,24,sad,Moderate
Actor_24/03-01-04-01-02-02-24.wav,ravdess,24,sad,Moderate
Actor_24/03-01-04-02-01-01-24.wav,ravdess,24,sad,Moderate
Actor_24/03-01-04-02-01-02-24.wav,ravdess,24,sad,Moderate
Actor_24/03-01-04-02-02-01-24.wav,ravdess,24,sad,Moderate
Actor_24/03-01-04-02-02-02-24.wav,ravdess,24,sad,Moderate
Actor_24/03-01-05-01-01-01-24.wav,ravdess,24,angry,High
Actor_24/03-01-05-01-01-02-24.wav,ravdess,24,angry,High
Actor_24/03-01-05-01-02-01-24.wav,ravdess,24,angry,High
Actor_24/03-01-05-01-02-02-24.wav,ravdess,24,angry,High
Actor_24/03-01-05-02-01-01-24.wav,ravdess,24,angry,High
Actor_24/03-01-05-02-01-02-24.wav,ravdess,24,angry,High
Actor_24/03-01-05-02-02-01-24.wav,ravdess,24,angry,High
Actor_24/03-01-05-02-02-02-24.wav,ravdess,24,angry,High
Actor_24/03-01-06-01-01-01-24.wav,ravdess,24,fearful,High
Actor_24/03-01-06-01-01-02-24.wav,ravdess,24,fearful,High
Actor_24/03-01-06-01-02-01-24.wav,ravdess,24,fearful,High
Actor_24/03-01-06-01-02-02-24.wav,ravdess,24,fearful,High
Actor_24/03-01-06-02-01-01-24.wav,ravdess,24,fearful,High
Actor_24/03-01-06-02-01-02-24.wav,ravdess,24,fearful,High
Actor_24/03-01-06-02-02-01-24.wav,ravdess,24,fearful,High
Actor_24/03-01-06-02-02-02-24.wav,ravdess,24,fearful,High
Actor_24/03-01-07-01-01-01-24.wav,ravdess,24,disgust,High
Actor_24/03-01-07-01-01-02-24.wav,ravdess,24,disgust,High
Actor_24/03-01-07-01-02-01-24.wav,ravdess,24,disgust,High
Actor_24/03-01-07-01-02-02-24.wav,ravdess,24,disgust,High
Actor_24/03-01-07-02-01-01-24.wav,ravdess,24,disgust,High
Actor_24/03-01-07-02-01-02-24.wav,ravdess,24,disgust,High
Actor_24/03-01-07-02-02-01-24.wav,ravdess,24,disgust,High
Actor_24/03-01-07-02-02-02-24.wav,ravdess,24,disgust,High
Actor_24/03-01-08-01-01-01-24.wav,ravdess,24,surprised,High
Actor_24/03-01-08-01-01-02-24.wav,ravdess,24,surprised,High
Actor_24/03-01-08-01-02-01-24.wav,ravdess,24,surprised,High
Actor_24/03-01-08-01-02-02-24.wav,ravdess,24,surprised,High
Actor_24/03-01-08-02-01-01-24.wav,ravdess,24,surprised,High
Actor_24/03-01-08-02-01-02-24.wav,ravdess,24,surprised,High
Actor_24/03-01-08-02-02-01-24.wav,ravdess,24,surprised,High
Actor_24/03-01-08-02-02-02-24.wav,ravdess,24,surprised,High
